kind,n,boundary,buckets,arcCodes,bitWidthArcCode,bitWidthMeanders
semi,2,2,0,3,10,1
semi,2,1,1,1,4,1
semi,3,3,0,3,12,1
semi,3,2,3,3,6,1
semi,3,1,2,1,4,2
semi,4,4,0,4,14,1
semi,4,3,4,4,8,1
semi,4,2,7,3,6,2
semi,4,1,2,1,4,3
semi,5,5,0,4,16,1
semi,5,4,6,6,10,1
semi,5,3,11,6,8,2
semi,5,2,9,4,6,3
semi,5,1,3,1,4,4
semi,6,6,0,5,18,1
semi,6,5,7,7,12,1
semi,6,4,18,10,10,2
semi,6,3,15,7,8,3
semi,6,2,10,4,6,5
semi,6,1,3,1,4,5
semi,7,7,0,5,20,1
semi,7,6,9,9,14,1
semi,7,5,22,13,12,2
semi,7,4,30,16,10,3
semi,7,3,24,10,8,5
semi,7,2,12,4,6,6
semi,7,1,3,1,4,7
semi,8,8,0,6,22,1
semi,8,7,10,10,16,1
semi,8,6,29,17,14,2
semi,8,5,38,21,12,3
semi,8,4,43,21,10,5
semi,8,3,30,10,8,6
semi,8,2,12,4,6,8
semi,8,1,3,1,4,8
semi,9,9,0,6,24,1
semi,9,8,12,12,18,1
semi,9,7,33,20,16,2
semi,9,6,55,32,14,3
semi,9,5,67,35,12,5
semi,9,4,68,28,10,6
semi,9,3,36,10,8,8
semi,9,2,12,4,6,9
semi,9,1,3,1,4,9
semi,10,10,0,7,26,1
semi,10,9,13,13,20,1
semi,10,8,40,24,18,2
semi,10,7,63,37,16,3
semi,10,6,96,56,14,5
semi,10,5,108,46,12,6
semi,10,4,80,31,10,8
semi,10,3,39,10,8,9
semi,10,2,12,4,6,11
semi,10,1,3,1,4,11
semi,11,11,0,7,28,1
semi,11,10,15,15,22,1
semi,11,9,44,27,20,2
semi,11,8,80,48,18,3
semi,11,7,122,72,16,5
semi,11,6,176,86,14,6
semi,11,5,161,68,12,8
semi,11,4,107,32,10,9
semi,11,3,40,10,8,11
semi,11,2,12,4,6,12
semi,11,1,3,1,4,13
semi,12,12,0,8,30,1
semi,12,11,16,16,24,1
semi,12,10,51,31,22,2
semi,12,9,88,53,20,3
semi,12,8,153,95,18,5
semi,12,7,230,116,16,6
semi,12,6,257,123,14,8
semi,12,5,220,78,12,9
semi,12,4,114,32,10,11
semi,12,3,40,10,8,12
semi,12,2,12,4,6,14
semi,12,1,3,1,4,14
semi,13,13,0,8,32,1
semi,13,12,18,18,26,1
semi,13,11,55,34,24,2
semi,13,10,105,64,22,3
semi,13,9,179,111,20,5
semi,13,8,312,170,18,6
semi,13,7,386,194,16,8
semi,13,6,417,177,14,9
semi,13,5,289,90,12,11
semi,13,4,125,32,10,12
semi,13,3,40,10,8,14
semi,13,2,12,4,6,15
semi,13,1,3,1,4,16
semi,14,14,0,9,34,1
semi,14,13,19,19,28,1
semi,14,12,62,38,26,2
semi,14,11,113,69,24,3
semi,14,10,210,134,22,5
semi,14,9,368,202,20,6
semi,14,8,530,291,18,8
semi,14,7,634,283,16,9
semi,14,6,559,220,14,11
semi,14,5,336,90,12,13
semi,14,4,125,32,10,14
semi,14,3,40,10,8,16
semi,14,2,12,4,6,17
semi,14,1,3,1,4,17
semi,15,15,0,9,36,1
semi,15,14,21,21,30,1
semi,15,13,66,41,28,2
semi,15,12,130,80,26,3
semi,15,11,236,150,24,5
semi,15,10,452,258,22,6
semi,15,9,677,378,20,8
semi,15,8,953,470,18,9
semi,15,7,1001,433,16,11
semi,15,6,789,270,14,13
semi,15,5,376,90,12,14
semi,15,4,125,32,10,16
semi,15,3,40,10,8,17
semi,15,2,12,4,6,18
semi,15,1,3,1,4,19
semi,16,16,0,10,38,1
semi,16,15,22,22,32,1
semi,16,14,73,45,30,2
semi,16,13,138,85,28,3
semi,16,12,267,173,26,5
semi,16,11,508,290,24,6
semi,16,10,839,493,22,8
semi,16,9,1246,636,20,9
semi,16,8,1507,711,18,11
semi,16,7,1440,572,16,13
semi,16,6,949,285,14,14
semi,16,5,391,90,12,16
semi,16,4,125,32,10,17
semi,16,3,40,10,8,19
semi,16,2,12,4,6,20
semi,16,1,3,1,4,21
semi,17,17,0,10,40,1
semi,17,16,24,24,34,1
semi,17,15,77,48,32,2
semi,17,14,155,96,30,3
semi,17,13,293,189,28,5
semi,17,12,592,346,26,6
semi,17,11,988,582,24,8
semi,17,10,1641,895,22,9
semi,17,9,2173,1074,20,11
semi,17,8,2464,1105,18,13
semi,17,7,2090,750,16,14
semi,17,6,1125,286,14,16
semi,17,5,392,90,12,17
semi,17,4,125,32,10,19
semi,17,3,40,10,8,20
semi,17,2,12,4,6,22
semi,17,1,3,1,4,22
semi,18,18,0,11,42,1
semi,18,17,25,25,36,1
semi,18,16,84,52,34,2
semi,18,15,163,101,32,3
semi,18,14,324,212,30,5
semi,18,13,648,378,28,6
semi,18,12,1152,699,26,8
semi,18,11,1956,1081,24,9
semi,18,10,2901,1528,22,11
semi,18,9,3593,1691,20,13
semi,18,8,3647,1517,18,14
semi,18,7,2636,847,16,16
semi,18,6,1207,286,14,17
semi,18,5,392,90,12,19
semi,18,4,125,32,10,21
semi,18,3,40,10,8,22
semi,18,2,12,4,6,23
semi,18,1,3,1,4,24
semi,19,19,0,11,44,1
semi,19,18,27,27,38,1
semi,19,17,88,55,36,2
semi,19,16,180,112,34,3
semi,19,15,350,228,32,5
semi,19,14,732,434,30,6
semi,19,13,1301,788,28,8
semi,19,12,2373,1362,26,9
semi,19,11,3681,1985,24,11
semi,19,10,5143,2592,22,13
semi,19,9,5981,2693,20,14
semi,19,8,5429,2109,18,16
semi,19,7,3327,895,16,17
semi,19,6,1254,286,14,19
semi,19,5,392,90,12,21
semi,19,4,125,32,10,22
semi,19,3,40,10,8,24
semi,19,2,12,4,6,25
semi,19,1,3,1,4,25
semi,20,20,0,12,46,1
semi,20,19,28,28,40,1
semi,20,18,95,59,38,2
semi,20,17,188,117,36,3
semi,20,16,381,251,34,5
semi,20,15,788,466,32,6
semi,20,14,1465,905,30,8
semi,20,13,2690,1550,28,9
semi,20,12,4523,2549,26,11
semi,20,11,6656,3462,24,13
semi,20,10,8610,4118,22,14
semi,20,9,9056,3912,20,16
semi,20,8,7279,2507,18,17
semi,20,7,3690,895,16,19
semi,20,6,1254,286,14,21
semi,20,5,392,90,12,22
semi,20,4,125,32,10,24
semi,20,3,40,10,8,25
semi,20,2,12,4,6,27
semi,20,1,3,1,4,27
semi,21,21,0,12,48,1
semi,21,20,30,30,42,1
semi,21,19,99,62,40,2
semi,21,18,205,128,38,3
semi,21,17,407,267,36,5
semi,21,16,872,522,34,6
semi,21,15,1614,994,32,8
semi,21,14,3109,1833,30,9
semi,21,13,5329,3030,28,11
semi,21,12,8588,4699,26,13
semi,21,11,11974,5966,24,14
semi,21,10,14374,6737,22,16
semi,21,9,14089,5633,20,17
semi,21,8,9518,2886,18,19
semi,21,7,4023,895,16,21
semi,21,6,1254,286,14,22
semi,21,5,392,90,12,24
semi,21,4,125,32,10,26
semi,21,3,40,10,8,27
semi,21,2,12,4,6,28
semi,21,1,3,1,4,29
semi,22,22,0,13,50,1
semi,22,21,31,31,44,1
semi,22,20,106,66,42,2
semi,22,19,213,133,40,3
semi,22,18,438,290,38,5
semi,22,17,928,554,36,6
semi,22,16,1778,1111,34,8
semi,22,15,3426,2021,32,9
semi,22,14,6197,3620,30,11
semi,22,13,10261,5705,28,13
semi,22,12,15617,8145,26,14
semi,22,11,20195,9856,24,16
semi,22,10,22679,9997,22,17
semi,22,9,19410,7211,20,19
semi,22,8,11262,2949,18,21
semi,22,7,4086,895,16,22
semi,22,6,1254,286,14,24
semi,22,5,392,90,12,26
semi,22,4,125,32,10,27
semi,22,3,40,10,8,29
semi,22,2,12,4,6,30
semi,22,1,3,1,4,30
semi,23,23,0,13,52,1
semi,23,22,33,33,46,1
semi,23,21,110,69,44,2
semi,23,20,230,144,42,3
semi,23,19,464,306,40,5
semi,23,18,1012,610,38,6
semi,23,17,1927,1200,36,8
semi,23,16,3845,2304,34,9
semi,23,15,7005,4103,32,11
semi,23,14,12353,7098,30,13
semi,23,13,19613,10485,28,14
semi,23,12,27851,14263,26,16
semi,23,11,34776,16312,24,17
semi,23,10,35619,15086,22,19
semi,23,9,27035,8835,20,21
semi,23,8,12699,2950,18,22
semi,23,7,4087,895,16,24
semi,23,6,1254,286,14,26
semi,23,5,392,90,12,27
semi,23,4,125,32,10,29
semi,23,3,40,10,8,30
semi,23,2,12,4,6,32
semi,23,1,3,1,4,32
semi,24,24,0,14,54,1
semi,24,23,34,34,48,1
semi,24,22,117,73,46,2
semi,24,21,238,149,44,3
semi,24,20,495,329,42,5
semi,24,19,1068,642,40,6
semi,24,18,2091,1317,38,8
semi,24,17,4162,2492,36,9
semi,24,16,7875,4695,34,11
semi,24,15,14056,8132,32,13
semi,24,14,23886,13242,30,14
semi,24,13,35546,18700,28,16
semi,24,12,48228,23638,26,17
semi,24,11,55361,25283,24,19
semi,24,10,51780,20167,22,21
semi,24,9,33109,9631,20,22
semi,24,8,13432,2950,18,24
semi,24,7,4087,895,16,26
semi,24,6,1254,286,14,27
semi,24,5,392,90,12,29
semi,24,4,125,32,10,31
semi,24,3,40,10,8,32
semi,24,2,12,4,6,33
semi,24,1,3,1,4,34
semi,25,25,0,14,56,1
semi,25,24,36,36,50,1
semi,25,23,121,76,48,2
semi,25,22,255,160,46,3
semi,25,21,521,345,44,5
semi,25,20,1152,698,42,6
semi,25,19,2240,1406,40,8
semi,25,18,4581,2775,38,9
semi,25,17,8683,5178,36,11
semi,25,16,16178,9555,34,13
semi,25,15,28096,15768,32,14
semi,25,14,45056,24625,30,16
semi,25,13,65039,32983,28,17
semi,25,12,82793,40065,26,19
semi,25,11,90239,39122,24,21
semi,25,10,74138,26527,22,22
semi,25,9,39904,9823,20,24
semi,25,8,13623,2950,18,26
semi,25,7,4087,895,16,27
semi,25,6,1254,286,14,29
semi,25,5,392,90,12,31
semi,25,4,125,32,10,32
semi,25,3,40,10,8,34
semi,25,2,12,4,6,35
semi,25,1,3,1,4,36
semi,26,26,0,15,58,1
semi,26,25,37,37,52,1
semi,26,24,128,80,50,2
semi,26,23,263,165,48,3
semi,26,22,552,368,46,5
semi,26,21,1208,730,44,6
semi,26,20,2404,1523,42,8
semi,26,19,4898,2963,40,9
semi,26,18,9553,5770,38,11
semi,26,17,17883,10591,36,13
semi,26,16,32583,18735,34,14
semi,26,15,53729,29850,32,16
semi,26,14,83119,43601,30,17
semi,26,13,112605,56314,28,19
semi,26,12,136324,63216,26,21
semi,26,11,134146,55180,24,22
semi,26,10,96401,30509,22,24
semi,26,9,43344,9823,20,26
semi,26,8,13623,2950,18,27
semi,26,7,4087,895,16,29
semi,26,6,1254,286,14,31
semi,26,5,392,90,12,32
semi,26,4,125,32,10,34
semi,26,3,40,10,8,36
semi,26,2,12,4,6,37
semi,26,1,3,1,4,37
semi,27,27,0,15,60,1
semi,27,26,39,39,54,1
semi,27,25,132,83,52,2
semi,27,24,280,176,50,3
semi,27,23,578,384,48,5
semi,27,22,1292,786,46,6
semi,27,21,2553,1612,44,8
semi,27,20,5317,3246,42,9
semi,27,19,10361,6253,40,11
semi,27,18,20007,12016,38,13
semi,27,17,36827,21293,36,14
semi,27,16,64215,36691,34,16
semi,27,15,103210,55382,32,17
semi,27,14,150571,78026,30,19
semi,27,13,198326,96450,28,21
semi,27,12,224238,100970,26,22
semi,27,11,200991,76211,24,24
semi,27,10,121280,33280,22,26
semi,27,9,45925,9823,20,27
semi,27,8,13623,2950,18,29
semi,27,7,4087,895,16,31
semi,27,6,1254,286,14,32
semi,27,5,392,90,12,34
semi,27,4,125,32,10,36
semi,27,3,40,10,8,37
semi,27,2,12,4,6,38
semi,27,1,3,1,4,39
semi,28,28,0,16,62,1
semi,28,27,40,40,56,1
semi,28,26,139,87,54,2
semi,28,25,288,181,52,3
semi,28,24,609,407,50,5
semi,28,23,1348,818,48,6
semi,28,22,2717,1729,46,8
semi,28,21,5634,3434,44,9
semi,28,20,11231,6845,42,11
semi,28,19,21712,13052,40,13
semi,28,18,41348,24294,38,14
semi,28,17,73164,42160,36,16
semi,28,16,124546,68828,34,17
semi,28,15,189339,100347,32,19
semi,28,14,266489,133964,30,21
semi,28,13,329564,156729,28,22
semi,28,12,346088,147507,26,24
semi,28,11,271474,93600,24,26
semi,28,10,139089,33535,22,27
semi,28,9,46180,9823,20,29
semi,28,8,13623,2950,18,31
semi,28,7,4087,895,16,32
semi,28,6,1254,286,14,34
semi,28,5,392,90,12,36
semi,28,4,125,32,10,37
semi,28,3,40,10,8,39
semi,28,2,12,4,6,40
semi,28,1,3,1,4,41
semi,29,29,0,16,64,1
semi,29,28,42,42,58,1
semi,29,27,143,90,56,2
semi,29,26,305,192,54,3
semi,29,25,635,423,52,5
semi,29,24,1432,874,50,6
semi,29,23,2866,1818,48,8
semi,29,22,6053,3717,46,9
semi,29,21,12039,7328,44,11
semi,29,20,23836,14477,42,13
semi,29,19,45594,26854,40,14
semi,29,18,83926,49273,38,16
semi,29,17,146073,81797,36,17
semi,29,16,236133,128861,34,19
semi,29,15,350057,180908,32,21
semi,29,14,469849,233250,30,22
semi,29,13,555810,255602,28,24
semi,29,12,532050,213561,26,26
semi,29,11,360894,109141,24,27
semi,29,10,152627,33536,22,29
semi,29,9,46181,9823,20,31
semi,29,8,13623,2950,18,32
semi,29,7,4087,895,16,34
semi,29,6,1254,286,14,36
semi,29,5,392,90,12,38
semi,29,4,125,32,10,39
semi,29,3,40,10,8,41
semi,29,2,12,4,6,42
semi,29,1,3,1,4,42
semi,30,30,0,17,66,1
semi,30,29,43,43,60,1
semi,30,28,150,94,58,2
semi,30,27,313,197,56,3
semi,30,26,666,446,54,5
semi,30,25,1488,906,52,6
semi,30,24,3030,1935,50,8
semi,30,23,6370,3905,48,9
semi,30,22,12909,7920,46,11
semi,30,21,25541,15513,44,13
semi,30,20,50117,29857,42,14
semi,30,19,92913,54778,40,16
semi,30,18,168843,96609,38,17
semi,30,17,280349,155380,36,19
semi,30,16,439394,232988,34,21
semi,30,15,621359,316779,32,22
semi,30,14,798513,385448,30,24
semi,30,13,876756,387059,28,26
semi,30,12,751023,277197,26,27
semi,30,11,432710,115139,24,29
semi,30,10,158370,33536,22,31
semi,30,9,46181,9823,20,32
semi,30,8,13623,2950,18,34
semi,30,7,4087,895,16,36
semi,30,6,1254,286,14,38
semi,30,5,392,90,12,39
semi,30,4,125,32,10,41
semi,30,3,40,10,8,42
semi,30,2,12,4,6,44
semi,30,1,3,1,4,44
semi,31,31,0,17,68,1
semi,31,30,45,45,62,1
semi,31,29,154,97,60,2
semi,31,28,330,208,58,3
semi,31,27,692,462,56,5
semi,31,26,1572,962,54,6
semi,31,25,3179,2024,52,8
semi,31,24,6789,4188,50,9
semi,31,23,13717,8403,48,11
semi,31,22,27665,16938,46,13
semi,31,21,54363,32417,44,14
semi,31,20,103713,61929,42,16
semi,31,19,190716,109888,40,17
semi,31,18,332563,188764,38,19
semi,31,17,539352,291640,36,21
semi,31,16,809394,424058,34,22
semi,31,15,1113810,557714,32,24
semi,31,14,1362571,641766,30,26
semi,31,13,1388349,582147,28,27
semi,31,12,1042754,345577,26,29
semi,31,11,500370,115907,24,31
semi,31,10,159137,33536,22,32
semi,31,9,46181,9823,20,34
semi,31,8,13623,2950,18,36
semi,31,7,4087,895,16,38
semi,31,6,1254,286,14,39
semi,31,5,392,90,12,41
semi,31,4,125,32,10,43
semi,31,3,40,10,8,44
semi,31,2,12,4,6,45
semi,31,1,3,1,4,46
semi,32,32,0,18,70,1
semi,32,31,46,46,64,1
semi,32,30,161,101,62,2
semi,32,29,338,213,60,3
semi,32,28,723,485,58,5
semi,32,27,1628,994,56,6
semi,32,26,3343,2141,54,8
semi,32,25,7106,4376,52,9
semi,32,24,14587,8995,50,11
semi,32,23,29370,17974,48,13
semi,32,22,58886,35420,46,14
semi,32,21,112702,67436,44,16
semi,32,20,213832,125042,42,17
semi,32,19,378801,216991,40,19
semi,32,18,644901,357068,38,21
semi,32,17,1003146,535485,36,22
semi,32,16,1457001,748586,34,24
semi,32,15,1915119,939680,32,26
semi,32,14,2202762,1000525,30,27
semi,32,13,2030967,793970,28,29
semi,32,12,1312481,385680,26,31
semi,32,11,535497,115907,24,32
semi,32,10,159137,33536,22,34
semi,32,9,46181,9823,20,36
semi,32,8,13623,2950,18,38
semi,32,7,4087,895,16,39
semi,32,6,1254,286,14,41
semi,32,5,392,90,12,43
semi,32,4,125,32,10,44
semi,32,3,40,10,8,46
semi,32,2,12,4,6,47
semi,32,1,3,1,4,47
semi,33,33,0,18,72,1
semi,33,32,48,48,66,1
semi,33,31,165,104,64,2
semi,33,30,355,224,62,3
semi,33,29,749,501,60,5
semi,33,28,1712,1050,58,6
semi,33,27,3492,2230,56,8
semi,33,26,7525,4659,54,9
semi,33,25,15395,9478,52,11
semi,33,24,31494,19399,50,13
semi,33,23,63132,37980,48,14
semi,33,22,123504,74589,46,16
semi,33,21,235747,138361,44,17
semi,33,20,433035,252319,42,19
semi,33,19,753455,422538,40,21
semi,33,18,1232751,673266,38,22
semi,33,17,1871038,983050,36,24
semi,33,16,2626659,1332136,34,26
semi,33,15,3319434,1593398,32,27
semi,33,14,3570650,1552529,30,29
semi,33,13,2933353,1051296,28,31
semi,33,12,1598645,405394,26,32
semi,33,11,554445,115907,24,34
semi,33,10,159137,33536,22,36
semi,33,9,46181,9823,20,38
semi,33,8,13623,2950,18,39
semi,33,7,4087,895,16,41
semi,33,6,1254,286,14,43
semi,33,5,392,90,12,44
semi,33,4,125,32,10,46
semi,33,3,40,10,8,48
semi,33,2,12,4,6,49
semi,33,1,3,1,4,49
semi,34,34,0,19,74,1
semi,34,33,49,49,68,1
semi,34,32,172,108,66,2
semi,34,31,363,229,64,3
semi,34,30,780,524,62,5
semi,34,29,1768,1082,60,6
semi,34,28,3656,2347,58,8
semi,34,27,7842,4847,56,9
semi,34,26,16265,10070,54,11
semi,34,25,33199,20435,52,13
semi,34,24,67655,40983,50,14
semi,34,23,132493,80096,48,16
semi,34,22,258905,153557,46,17
semi,34,21,479697,280930,44,19
semi,34,20,867568,495840,42,21
semi,34,19,1455199,805983,40,22
semi,34,18,2311329,1238978,38,24
semi,34,17,3390891,1757432,36,26
semi,34,16,4580341,2279954,34,27
semi,34,15,5477009,2546032,32,29
semi,34,14,5387332,2213989,30,31
semi,34,13,3871817,1243553,28,32
semi,34,12,1783151,406417,26,34
semi,34,11,555468,115907,24,36
semi,34,10,159137,33536,22,38
semi,34,9,46181,9823,20,39
semi,34,8,13623,2950,18,41
semi,34,7,4087,895,16,43
semi,34,6,1254,286,14,44
semi,34,5,392,90,12,46
semi,34,4,125,32,10,48
semi,34,3,40,10,8,49
semi,34,2,12,4,6,50
semi,34,1,3,1,4,51
semi,35,35,0,19,76,1
semi,35,34,51,51,70,1
semi,35,33,176,111,68,2
semi,35,32,380,240,66,3
semi,35,31,806,540,64,5
semi,35,30,1852,1138,62,6
semi,35,29,3805,2436,60,8
semi,35,28,8261,5130,58,9
semi,35,27,17073,10553,56,11
semi,35,26,35323,21860,54,13
semi,35,25,71901,43543,52,14
semi,35,24,143295,87249,50,16
semi,35,23,280822,166878,48,17
semi,35,22,534355,316678,46,19
semi,35,21,978874,563674,44,21
semi,35,20,1713264,968216,42,22
semi,35,19,2805336,1528776,40,24
semi,35,18,4319575,2287668,38,26
semi,35,17,6173318,3162486,36,27
semi,35,16,8040691,3921211,34,29
semi,35,15,9052952,4066968,32,31
semi,35,14,8074634,3077718,30,32
semi,35,13,4947978,1393068,28,34
semi,35,12,1916024,406418,26,36
semi,35,11,555469,115907,24,38
semi,35,10,159137,33536,22,39
semi,35,9,46181,9823,20,41
semi,35,8,13623,2950,18,43
semi,35,7,4087,895,16,44
semi,35,6,1254,286,14,46
semi,35,5,392,90,12,48
semi,35,4,125,32,10,49
semi,35,3,40,10,8,51
semi,35,2,12,4,6,52
semi,35,1,3,1,4,53
semi,36,36,0,20,78,1
semi,36,35,52,52,72,1
semi,36,34,183,115,70,2
semi,36,33,388,245,68,3
semi,36,32,837,563,66,5
semi,36,31,1908,1170,64,6
semi,36,30,3969,2553,62,8
semi,36,29,8578,5318,60,9
semi,36,28,17943,11145,58,11
semi,36,27,37028,22896,56,13
semi,36,26,76424,46546,54,14
semi,36,25,152284,92756,52,16
semi,36,24,303982,182076,50,17
semi,36,23,581063,345333,48,19
semi,36,22,1095737,639642,46,21
semi,36,21,1948698,1111477,44,22
semi,36,20,3324541,1846568,42,24
semi,36,19,5281405,2841020,40,26
semi,36,18,7892629,4127242,38,27
semi,36,17,10900076,5485678,36,29
semi,36,16,13487427,6413539,34,31
semi,36,15,14076760,6009119,32,32
semi,36,14,11088900,3865629,30,34
semi,36,13,5797537,1436365,28,36
semi,36,12,1958298,406418,26,38
semi,36,11,555469,115907,24,39
semi,36,10,159137,33536,22,41
semi,36,9,46181,9823,20,43
semi,36,8,13623,2950,18,44
semi,36,7,4087,895,16,46
semi,36,6,1254,286,14,48
semi,36,5,392,90,12,50
semi,36,4,125,32,10,51
semi,36,3,40,10,8,53
semi,36,2,12,4,6,54
semi,36,1,3,1,4,54
semi,37,37,0,20,80,1
semi,37,36,54,54,74,1
semi,37,35,187,118,72,2
semi,37,34,405,256,70,3
semi,37,33,863,579,68,5
semi,37,32,1992,1226,66,6
semi,37,31,4118,2642,64,8
semi,37,30,8997,5601,62,9
semi,37,29,18751,11628,60,11
semi,37,28,39152,24321,58,13
semi,37,27,80670,49106,56,14
semi,37,26,163086,99909,54,16
semi,37,25,325899,195397,52,17
semi,37,24,635767,381127,50,19
semi,37,23,1207553,707942,48,21
semi,37,22,2219713,1285814,46,22
semi,37,21,3866456,2173000,44,24
semi,37,20,6404525,3508524,42,26
semi,37,19,9938076,5292602,40,27
semi,37,18,14483567,7482062,38,29
semi,37,17,19330045,9580429,36,31
semi,37,16,22742215,10469002,34,32
semi,37,15,21703962,8741927,32,34
semi,37,14,14900810,4608679,30,36
semi,37,13,6495557,1439437,28,38
semi,37,12,1961369,406418,26,39
semi,37,11,555469,115907,24,41
semi,37,10,159137,33536,22,43
semi,37,9,46181,9823,20,44
semi,37,8,13623,2950,18,46
semi,37,7,4087,895,16,48
semi,37,6,1254,286,14,50
semi,37,5,392,90,12,51
semi,37,4,125,32,10,53
semi,37,3,40,10,8,54
semi,37,2,12,4,6,56
semi,37,1,3,1,4,56
semi,38,38,0,21,82,1
semi,38,37,55,55,76,1
semi,38,36,194,122,74,2
semi,38,35,413,261,72,3
semi,38,34,894,602,70,5
semi,38,33,2048,1258,68,6
semi,38,32,4282,2759,66,8
semi,38,31,9314,5789,64,9
semi,38,30,19621,12220,62,11
semi,38,29,40857,25357,60,13
semi,38,28,85193,52109,58,14
semi,38,27,172075,105416,56,16
semi,38,26,349059,210595,54,17
semi,38,25,682477,409784,52,19
semi,38,24,1324926,784416,50,21
semi,38,23,2458789,1432247,48,22
semi,38,22,4433267,2532936,46,24
semi,38,21,7512109,4166576,44,26
semi,38,20,12103327,6549908,42,27
semi,38,19,18313082,9630981,40,29
semi,38,18,25810004,13156464,38,31
semi,38,17,33004715,15951059,36,32
semi,38,16,36166618,16003046,34,34
semi,38,15,31051366,11543299,32,36
semi,38,14,18240006,5005157,30,38
semi,38,13,6852832,1439437,28,39
semi,38,12,1961369,406418,26,41
semi,38,11,555469,115907,24,43
semi,38,10,159137,33536,22,44
semi,38,9,46181,9823,20,46
semi,38,8,13623,2950,18,48
semi,38,7,4087,895,16,50
semi,38,6,1254,286,14,51
semi,38,5,392,90,12,53
semi,38,4,125,32,10,55
semi,38,3,40,10,8,56
semi,38,2,12,4,6,57
semi,38,1,3,1,4,58
semi,39,39,0,21,84,1
semi,39,38,57,57,78,1
semi,39,37,198,125,76,2
semi,39,36,430,272,74,3
semi,39,35,920,618,72,5
semi,39,34,2132,1314,70,6
semi,39,33,4431,2848,68,8
semi,39,32,9733,6072,66,9
semi,39,31,20429,12703,64,11
semi,39,30,42981,26782,62,13
semi,39,29,89439,54669,60,14
semi,39,28,182877,112569,58,16
semi,39,27,370976,223916,56,17
semi,39,26,737183,445580,54,19
semi,39,25,1436792,852764,52,21
semi,39,24,2733444,1610132,50,22
semi,39,23,4994096,2875024,48,24
semi,39,22,8779423,4952688,46,26
semi,39,21,14532802,7974228,44,27
semi,39,20,22886195,12248605,42,29
semi,39,19,33811401,17635953,40,31
semi,39,18,46318997,23218716,38,32
semi,39,17,56431443,26617330,36,34
semi,39,16,57413054,24108717,34,36
semi,39,15,43415133,14664097,32,38
semi,39,14,21545392,5143192,30,39
semi,39,13,6987797,1439437,28,41
semi,39,12,1961369,406418,26,43
semi,39,11,555469,115907,24,44
semi,39,10,159137,33536,22,46
semi,39,9,46181,9823,20,48
semi,39,8,13623,2950,18,50
semi,39,7,4087,895,16,51
semi,39,6,1254,286,14,53
semi,39,5,392,90,12,55
semi,39,4,125,32,10,56
semi,39,3,40,10,8,58
semi,39,2,12,4,6,59
semi,39,1,3,1,4,60
semi,40,40,0,22,86,1
semi,40,39,58,58,80,1
semi,40,38,205,129,78,2
semi,40,37,438,277,76,3
semi,40,36,951,641,74,5
semi,40,35,2188,1346,72,6
semi,40,34,4595,2965,70,8
semi,40,33,10050,6260,68,9
semi,40,32,21299,13295,66,11
semi,40,31,44686,27818,64,13
semi,40,30,93962,57672,62,14
semi,40,29,191866,118076,60,16
semi,40,28,394136,239114,58,17
semi,40,27,783893,474237,56,19
semi,40,26,1554215,929288,54,21
semi,40,25,2973124,1757121,52,22
semi,40,24,5579781,3252816,50,24
semi,40,23,9963639,5670826,48,26
semi,40,22,17076571,9515724,46,27
semi,40,21,27635220,14985172,44,29
semi,40,20,42386326,22482664,42,31
semi,40,19,60954311,31323643,40,32
semi,40,18,80046981,39377283,38,34
semi,40,17,91925448,41771189,36,36
semi,40,16,84766101,33402457,34,38
semi,40,15,55825149,16805531,32,39
semi,40,14,23520848,5147287,30,41
semi,40,13,6991892,1439437,28,43
semi,40,12,1961369,406418,26,44
semi,40,11,555469,115907,24,46
semi,40,10,159137,33536,22,48
semi,40,9,46181,9823,20,50
semi,40,8,13623,2950,18,51
semi,40,7,4087,895,16,53
semi,40,6,1254,286,14,55
semi,40,5,392,90,12,56
semi,40,4,125,32,10,58
semi,40,3,40,10,8,60
semi,40,2,12,4,6,61
semi,40,1,3,1,4,61
semi,41,41,0,22,88,1
semi,41,40,60,60,82,1
semi,41,39,209,132,80,2
semi,41,38,455,288,78,3
semi,41,37,977,657,76,5
semi,41,36,2272,1402,74,6
semi,41,35,4744,3054,72,8
semi,41,34,10469,6543,70,9
semi,41,33,22107,13778,68,11
semi,41,32,46810,29243,66,13
semi,41,31,98208,60232,64,14
semi,41,30,202668,125229,62,16
semi,41,29,416053,252435,60,17
semi,41,28,838599,510033,58,19
semi,41,27,1666083,997638,56,21
semi,41,26,3248383,1935606,54,22
semi,41,25,6145318,3599052,52,24
semi,41,24,11307209,6525956,50,26
semi,41,23,19760568,11128554,48,27
semi,41,22,33113935,18223012,46,29
semi,41,21,52462559,28250921,44,31
semi,41,20,78893438,41405721,42,32
semi,41,19,110205666,55974868,40,34
semi,41,18,139092963,66780448,38,36
semi,41,17,149051875,65038713,36,38
semi,41,16,123426818,44705123,34,39
semi,41,15,69060258,18230922,32,41
semi,41,14,24820492,5147288,30,43
semi,41,13,6991893,1439437,28,44
semi,41,12,1961369,406418,26,46
semi,41,11,555469,115907,24,48
semi,41,10,159137,33536,22,50
semi,41,9,46181,9823,20,51
semi,41,8,13623,2950,18,53
semi,41,7,4087,895,16,55
semi,41,6,1254,286,14,56
semi,41,5,392,90,12,58
semi,41,4,125,32,10,60
semi,41,3,40,10,8,61
semi,41,2,12,4,6,63
semi,41,1,3,1,4,63
semi,42,42,0,23,90,1
semi,42,41,61,61,84,1
semi,42,40,216,136,82,2
semi,42,39,463,293,80,3
semi,42,38,1008,680,78,5
semi,42,37,2328,1434,76,6
semi,42,36,4908,3171,74,8
semi,42,35,10786,6731,72,9
semi,42,34,22977,14370,70,11
semi,42,33,48515,30279,68,13
semi,42,32,102731,63235,66,14
semi,42,31,211657,130736,64,16
semi,42,30,439213,267633,62,17
semi,42,29,885309,538690,60,19
semi,42,28,1783508,1074164,58,21
semi,42,27,3488117,2082647,56,22
semi,42,26,6735709,3981450,54,24
semi,42,25,12518133,7266560,52,26
semi,42,24,22556659,12885048,50,27
semi,42,23,38585142,21464271,48,29
semi,42,22,63087090,34419990,46,31
semi,42,21,97976010,52193290,44,32
semi,42,20,143205206,74378743,42,34
semi,42,19,193254057,96248436,40,36
semi,42,18,230532979,107506889,38,38
semi,42,17,227278875,93671786,36,39
semi,42,16,165270633,54353742,34,41
semi,42,15,79044654,18536446,32,43
semi,42,14,25121921,5147288,30,44
semi,42,13,6991893,1439437,28,46
semi,42,12,1961369,406418,26,48
semi,42,11,555469,115907,24,50
semi,42,10,159137,33536,22,51
semi,42,9,46181,9823,20,53
semi,42,8,13623,2950,18,55
semi,42,7,4087,895,16,57
semi,42,6,1254,286,14,58
semi,42,5,392,90,12,60
semi,42,4,125,32,10,62
semi,42,3,40,10,8,63
semi,42,2,12,4,6,64
semi,42,1,3,1,4,65
semi,43,43,0,23,92,1
semi,43,42,63,63,86,1
semi,43,41,220,139,84,2
semi,43,40,480,304,82,3
semi,43,39,1034,696,80,5
semi,43,38,2412,1490,78,6
semi,43,37,5057,3260,76,8
semi,43,36,11205,7014,74,9
semi,43,35,23785,14853,72,11
semi,43,34,50639,31704,70,13
semi,43,33,106977,65795,68,14
semi,43,32,222459,137889,66,16
semi,43,31,461130,280954,64,17
semi,43,30,940015,574486,62,19
semi,43,29,1895376,1142514,60,21
semi,43,28,3763430,2261186,58,22
semi,43,27,7301952,4328340,56,24
semi,43,26,13888367,8147148,54,26
semi,43,25,25358758,14592448,52,27
semi,43,24,44777107,25265325,50,29
semi,43,23,74987273,41393035,48,31
semi,43,22,120433195,65089828,46,32
semi,43,21,183181758,96943639,44,34
semi,43,20,261558161,134044081,42,36
semi,43,19,339476211,165982204,40,38
semi,43,18,382193208,171738576,38,39
semi,43,17,341554878,131613198,36,41
semi,43,16,215010918,62497459,34,43
semi,43,15,86490799,18548734,32,44
semi,43,14,25134208,5147288,30,46
semi,43,13,6991893,1439437,28,48
semi,43,12,1961369,406418,26,50
semi,43,11,555469,115907,24,51
semi,43,10,159137,33536,22,53
semi,43,9,46181,9823,20,55
semi,43,8,13623,2950,18,57
semi,43,7,4087,895,16,58
semi,43,6,1254,286,14,60
semi,43,5,392,90,12,62
semi,43,4,125,32,10,63
semi,43,3,40,10,8,65
semi,43,2,12,4,6,66
semi,43,1,3,1,4,67
semi,44,44,0,24,94,1
semi,44,43,64,64,88,1
semi,44,42,227,143,86,2
semi,44,41,488,309,84,3
semi,44,40,1065,719,82,5
semi,44,39,2468,1522,80,6
semi,44,38,5221,3377,78,8
semi,44,37,11522,7202,76,9
semi,44,36,24655,15445,74,11
semi,44,35,52344,32740,72,13
semi,44,34,111500,68798,70,14
semi,44,33,231448,143396,68,16
semi,44,32,484290,296152,66,17
semi,44,31,986725,603143,64,19
semi,44,30,2012801,1219040,62,21
semi,44,29,4003166,2408229,60,22
semi,44,28,7893049,4711440,58,24
semi,44,27,15105257,8893060,56,26
semi,44,26,28272493,16457220,54,27
semi,44,25,50675012,28830922,52,29
semi,44,24,87409266,48862572,50,31
semi,44,23,143780447,78574285,48,32
semi,44,22,225769164,121160468,46,34
semi,44,21,335799577,175572763,44,36
semi,44,20,463126519,233833732,42,38
semi,44,19,573255983,272636523,40,39
semi,44,18,597548359,256427264,38,41
semi,44,17,476691712,168558175,36,43
semi,44,16,256927790,66334929,34,44
semi,44,15,90039127,18548734,32,46
semi,44,14,25134208,5147288,30,48
semi,44,13,6991893,1439437,28,50
semi,44,12,1961369,406418,26,51
semi,44,11,555469,115907,24,53
semi,44,10,159137,33536,22,55
semi,44,9,46181,9823,20,57
semi,44,8,13623,2950,18,58
semi,44,7,4087,895,16,60
semi,44,6,1254,286,14,62
semi,44,5,392,90,12,63
semi,44,4,125,32,10,65
semi,44,3,40,10,8,67
semi,44,2,12,4,6,68
semi,44,1,3,1,4,68
semi,45,44,66,66,90,1
semi,45,43,231,146,88,2
semi,45,42,505,320,86,3
semi,45,41,1091,735,84,5
semi,45,40,2552,1578,82,6
semi,45,39,5370,3466,80,8
semi,45,38,11941,7485,78,9
semi,45,37,25463,15928,76,11
semi,45,36,54468,34165,74,13
semi,45,35,115746,71358,72,14
semi,45,34,242250,150549,70,16
semi,45,33,506207,309473,68,17
semi,45,32,1041431,638939,66,19
semi,45,31,2124669,1287390,64,21
semi,45,30,4278481,2586770,62,22
semi,45,29,8459350,5058386,60,24
semi,45,28,16481455,9779504,58,26
semi,45,27,31111320,18195938,56,27
semi,45,26,57290683,33002866,54,29
semi,45,25,100616971,56777375,52,31
semi,45,24,170443790,94283235,50,32
semi,45,23,275265172,149608736,48,34
semi,45,22,425141790,226164047,46,36
semi,45,21,617123017,319581514,44,38
semi,45,20,823958692,408420873,42,39
semi,45,19,966286603,446118901,40,41
semi,45,18,926196928,374889091,38,43
semi,45,17,647005844,206175542,36,44
semi,45,16,295176824,67292719,34,46
semi,45,15,90984633,18548739,32,48
semi,45,14,25134217,5147296,30,50
semi,45,13,6991915,1439454,28,51
semi,45,12,1961413,406449,26,53
semi,45,11,555571,115976,24,55
semi,45,10,159346,33672,22,57
semi,45,9,46651,10124,20,58
semi,45,8,14348,3315,18,60
semi,45,7,4797,1158,16,62
meanders,2,2,0,1,5,1
meanders,2,1,1,1,4,1
meanders,3,3,0,1,4,1
meanders,3,2,3,3,6,1
meanders,3,1,2,1,4,2
meanders,4,4,0,1,5,1
meanders,4,3,2,2,7,1
meanders,4,2,4,4,6,1
meanders,4,1,3,1,4,2
meanders,5,5,0,1,4,1
meanders,5,4,3,3,6,1
meanders,5,3,7,6,8,2
meanders,5,2,9,4,6,3
meanders,5,1,3,1,4,4
meanders,6,6,0,1,5,1
meanders,6,5,2,2,7,1
meanders,6,4,6,6,9,1
meanders,6,3,13,8,8,2
meanders,6,2,10,4,6,3
meanders,6,1,3,1,4,4
meanders,7,7,0,1,4,1
meanders,7,6,3,3,6,1
meanders,7,5,7,6,8,2
meanders,7,4,20,15,10,3
meanders,7,3,23,10,8,4
meanders,7,2,12,4,6,5
meanders,7,1,3,1,4,6
meanders,8,8,0,1,5,1
meanders,8,7,2,2,7,1
meanders,8,6,6,6,9,1
meanders,8,5,16,11,11,2
meanders,8,4,31,21,10,3
meanders,8,3,30,10,8,5
meanders,8,2,12,4,6,6
meanders,8,1,3,1,4,7
meanders,9,9,0,1,4,1
meanders,9,8,3,3,6,1
meanders,9,7,7,6,8,2
meanders,9,6,20,15,10,3
meanders,9,5,42,29,12,4
meanders,9,4,61,28,10,5
meanders,9,3,36,10,8,6
meanders,9,2,12,4,6,8
meanders,9,1,3,1,4,9
meanders,10,10,0,1,5,1
meanders,10,9,2,2,7,1
meanders,10,8,6,6,9,1
meanders,10,7,16,11,11,2
meanders,10,6,37,27,13,3
meanders,10,5,71,42,12,5
meanders,10,4,77,30,10,6
meanders,10,3,38,10,8,7
meanders,10,2,12,4,6,9
meanders,10,1,3,1,4,10
meanders,11,11,0,1,4,1
meanders,11,10,3,3,6,1
meanders,11,9,7,6,8,2
meanders,11,8,20,15,10,3
meanders,11,7,42,29,12,4
meanders,11,6,100,67,14,5
meanders,11,5,138,65,12,6
meanders,11,4,104,32,10,8
meanders,11,3,40,10,8,9
meanders,11,2,12,4,6,10
meanders,11,1,3,1,4,11
meanders,12,12,0,1,5,1
meanders,12,11,2,2,7,1
meanders,12,10,6,6,9,1
meanders,12,9,16,11,11,2
meanders,12,8,37,27,13,3
meanders,12,7,81,52,15,5
meanders,12,6,160,99,14,6
meanders,12,5,188,75,12,7
meanders,12,4,112,32,10,9
meanders,12,3,40,10,8,10
meanders,12,2,12,4,6,11
meanders,12,1,3,1,4,12
meanders,13,13,0,1,4,1
meanders,13,12,3,3,6,1
meanders,13,11,7,6,8,2
meanders,13,10,20,15,10,3
meanders,13,9,42,29,12,4
meanders,13,8,100,67,14,5
meanders,13,7,207,134,16,6
meanders,13,6,329,160,14,8
meanders,13,5,271,90,12,9
meanders,13,4,125,32,10,10
meanders,13,3,40,10,8,12
meanders,13,2,12,4,6,13
meanders,13,1,3,1,4,14
meanders,14,14,0,1,5,1
meanders,14,13,2,2,7,1
meanders,14,12,6,6,9,1
meanders,14,11,16,11,11,2
meanders,14,10,37,27,13,3
meanders,14,9,81,52,15,5
meanders,14,8,180,119,17,6
meanders,14,7,347,204,16,7
meanders,14,6,451,196,14,9
meanders,14,5,306,90,12,10
meanders,14,4,125,32,10,11
meanders,14,3,40,10,8,13
meanders,14,2,12,4,6,14
meanders,14,1,3,1,4,15
meanders,15,15,0,1,4,1
meanders,15,14,3,3,6,1
meanders,15,13,7,6,8,2
meanders,15,12,20,15,10,3
meanders,15,11,42,29,12,4
meanders,15,10,100,67,14,5
meanders,15,9,207,134,16,6
meanders,15,8,468,299,18,8
meanders,15,7,723,363,16,9
meanders,15,6,708,261,14,10
meanders,15,5,367,90,12,12
meanders,15,4,125,32,10,13
meanders,15,3,40,10,8,15
meanders,15,2,12,4,6,16
meanders,15,1,3,1,4,17
meanders,16,16,0,1,5,1
meanders,16,15,2,2,7,1
meanders,16,14,6,6,9,1
meanders,16,13,16,11,11,2
meanders,16,12,37,27,13,3
meanders,16,11,81,52,15,5
meanders,16,10,180,119,17,6
meanders,16,9,382,239,19,7
meanders,16,8,766,461,18,9
meanders,16,7,1042,472,16,10
meanders,16,6,834,271,14,11
meanders,16,5,377,90,12,13
meanders,16,4,125,32,10,14
meanders,16,3,40,10,8,16
meanders,16,2,12,4,6,18
meanders,16,1,3,1,4,18
meanders,17,17,0,1,4,1
meanders,17,16,3,3,6,1
meanders,17,15,7,6,8,2
meanders,17,14,20,15,10,3
meanders,17,13,42,29,12,4
meanders,17,12,100,67,14,5
meanders,17,11,207,134,16,6
meanders,17,10,468,299,18,8
meanders,17,9,974,614,20,9
meanders,17,8,1653,845,18,10
meanders,17,7,1739,699,16,12
meanders,17,6,1083,286,14,13
meanders,17,5,392,90,12,15
meanders,17,4,125,32,10,16
meanders,17,3,40,10,8,18
meanders,17,2,12,4,6,19
meanders,17,1,3,1,4,20
meanders,18,18,0,1,5,1
meanders,18,17,2,2,7,1
meanders,18,16,6,6,9,1
meanders,18,15,16,11,11,2
meanders,18,14,37,27,13,3
meanders,18,13,81,52,15,5
meanders,18,12,180,119,17,6
meanders,18,11,382,239,19,7
meanders,18,10,836,531,21,9
meanders,18,9,1643,968,20,10
meanders,18,8,2409,1144,18,11
meanders,18,7,2148,769,16,13
meanders,18,6,1143,286,14,14
meanders,18,5,392,90,12,16
meanders,18,4,125,32,10,18
meanders,18,3,40,10,8,19
meanders,18,2,12,4,6,21
meanders,18,1,3,1,4,22
meanders,19,19,0,1,4,1
meanders,19,18,3,3,6,1
meanders,19,17,7,6,8,2
meanders,19,16,20,15,10,3
meanders,19,15,42,29,12,4
meanders,19,14,100,67,14,5
meanders,19,13,207,134,16,6
meanders,19,12,468,299,18,8
meanders,19,11,974,614,20,9
meanders,19,10,2156,1348,22,10
meanders,19,9,3599,1890,20,12
meanders,19,8,4267,1830,18,13
meanders,19,7,3023,895,16,15
meanders,19,6,1254,286,14,16
meanders,19,5,392,90,12,18
meanders,19,4,125,32,10,19
meanders,19,3,40,10,8,21
meanders,19,2,12,4,6,23
meanders,19,1,3,1,4,23
meanders,20,20,0,1,5,1
meanders,20,19,2,2,7,1
meanders,20,18,6,6,9,1
meanders,20,17,16,11,11,2
meanders,20,16,37,27,13,3
meanders,20,15,81,52,15,5
meanders,20,14,180,119,17,6
meanders,20,13,382,239,19,7
meanders,20,12,836,531,21,9
meanders,20,11,1769,1094,23,10
meanders,20,10,3592,2145,22,11
meanders,20,9,5428,2664,20,13
meanders,20,8,5494,2135,18,14
meanders,20,7,3311,895,16,16
meanders,20,6,1254,286,14,18
meanders,20,5,392,90,12,19
meanders,20,4,125,32,10,21
meanders,20,3,40,10,8,22
meanders,20,2,12,4,6,24
meanders,20,1,3,1,4,25
meanders,21,21,0,1,4,1
meanders,21,20,3,3,6,1
meanders,21,19,7,6,8,2
meanders,21,18,20,15,10,3
meanders,21,17,42,29,12,4
meanders,21,16,100,67,14,5
meanders,21,15,207,134,16,6
meanders,21,14,468,299,18,8
meanders,21,13,974,614,20,9
meanders,21,12,2156,1348,22,10
meanders,21,11,4522,2813,24,12
meanders,21,10,8056,4278,22,13
meanders,21,9,10072,4579,20,15
meanders,21,8,8323,2754,18,16
meanders,21,7,3891,895,16,18
meanders,21,6,1254,286,14,19
meanders,21,5,392,90,12,21
meanders,21,4,125,32,10,23
meanders,21,3,40,10,8,24
meanders,21,2,12,4,6,26
meanders,21,1,3,1,4,27
meanders,22,22,0,1,5,1
meanders,22,21,2,2,7,1
meanders,22,20,6,6,9,1
meanders,22,19,16,11,11,2
meanders,22,18,37,27,13,3
meanders,22,17,81,52,15,5
meanders,22,16,180,119,17,6
meanders,22,15,382,239,19,7
meanders,22,14,836,531,21,9
meanders,22,13,1769,1094,23,10
meanders,22,12,3844,2397,25,11
meanders,22,11,7692,4550,24,13
meanders,22,10,12271,6195,22,14
meanders,22,9,13497,5657,20,16
meanders,22,8,9502,2824,18,18
meanders,22,7,3961,895,16,19
meanders,22,6,1254,286,14,21
meanders,22,5,392,90,12,22
meanders,22,4,125,32,10,24
meanders,22,3,40,10,8,26
meanders,22,2,12,4,6,27
meanders,22,1,3,1,4,28
meanders,23,23,0,1,4,1
meanders,23,22,3,3,6,1
meanders,23,21,7,6,8,2
meanders,23,20,20,15,10,3
meanders,23,19,42,29,12,4
meanders,23,18,100,67,14,5
meanders,23,17,207,134,16,6
meanders,23,16,468,299,18,8
meanders,23,15,974,614,20,9
meanders,23,14,2156,1348,22,10
meanders,23,13,4522,2813,24,12
meanders,23,12,9903,6125,26,13
meanders,23,11,17472,9474,24,15
meanders,23,10,23726,11215,22,16
meanders,23,9,21880,8059,20,18
meanders,23,8,12055,2950,18,19
meanders,23,7,4087,895,16,21
meanders,23,6,1254,286,14,23
meanders,23,5,392,90,12,24
meanders,23,4,125,32,10,26
meanders,23,3,40,10,8,27
meanders,23,2,12,4,6,29
meanders,23,1,3,1,4,30
meanders,24,24,0,1,5,1
meanders,24,23,2,2,7,1
meanders,24,22,6,6,9,1
meanders,24,21,16,11,11,2
meanders,24,20,37,27,13,3
meanders,24,19,81,52,15,5
meanders,24,18,180,119,17,6
meanders,24,17,382,239,19,7
meanders,24,16,836,531,21,9
meanders,24,15,1769,1094,23,10
meanders,24,14,3844,2397,25,11
meanders,24,13,8154,5012,27,13
meanders,24,12,16726,9978,26,14
meanders,24,11,27264,14099,24,16
meanders,24,10,32863,14533,22,18
meanders,24,9,26078,8647,20,19
meanders,24,8,12573,2950,18,21
meanders,24,7,4087,895,16,22
meanders,24,6,1254,286,14,24
meanders,24,5,392,90,12,26
meanders,24,4,125,32,10,27
meanders,24,3,40,10,8,29
meanders,24,2,12,4,6,30
meanders,24,1,3,1,4,31
meanders,25,25,0,1,4,1
meanders,25,24,3,3,6,1
meanders,25,23,7,6,8,2
meanders,25,22,20,15,10,3
meanders,25,21,42,29,12,4
meanders,25,20,100,67,14,5
meanders,25,19,207,134,16,6
meanders,25,18,468,299,18,8
meanders,25,17,974,614,20,9
meanders,25,16,2156,1348,22,10
meanders,25,15,4522,2813,24,12
meanders,25,14,9903,6125,26,13
meanders,25,13,20903,12905,28,15
meanders,25,12,38631,21107,26,16
meanders,25,11,54528,26770,24,18
meanders,25,10,56405,22496,22,19
meanders,25,9,35729,9823,20,21
meanders,25,8,13623,2950,18,23
meanders,25,7,4087,895,16,24
meanders,25,6,1254,286,14,26
meanders,25,5,392,90,12,27
meanders,25,4,125,32,10,29
meanders,25,3,40,10,8,30
meanders,25,2,12,4,6,32
meanders,25,1,3,1,4,33
meanders,26,26,0,1,5,1
meanders,26,25,2,2,7,1
meanders,26,24,6,6,9,1
meanders,26,23,16,11,11,2
meanders,26,22,37,27,13,3
meanders,26,21,81,52,15,5
meanders,26,20,180,119,17,6
meanders,26,19,382,239,19,7
meanders,26,18,836,531,21,9
meanders,26,17,1769,1094,23,10
meanders,26,16,3844,2397,25,11
meanders,26,15,8154,5012,27,13
meanders,26,14,17650,10902,29,14
meanders,26,13,35832,21281,28,16
meanders,26,12,60768,32006,26,18
meanders,26,11,77851,36190,24,19
meanders,26,10,70133,25422,22,21
meanders,26,9,38473,9823,20,22
meanders,26,8,13623,2950,18,24
meanders,26,7,4087,895,16,26
meanders,26,6,1254,286,14,27
meanders,26,5,392,90,12,29
meanders,26,4,125,32,10,30
meanders,26,3,40,10,8,32
meanders,26,2,12,4,6,34
meanders,26,1,3,1,4,34
meanders,27,27,0,1,4,1
meanders,27,26,3,3,6,1
meanders,27,25,7,6,8,2
meanders,27,24,20,15,10,3
meanders,27,23,42,29,12,4
meanders,27,22,100,67,14,5
meanders,27,21,207,134,16,6
meanders,27,20,468,299,18,8
meanders,27,19,974,614,20,9
meanders,27,18,2156,1348,22,10
meanders,27,17,4522,2813,24,12
meanders,27,16,9903,6125,26,13
meanders,27,15,20903,12905,28,15
meanders,27,14,45494,27970,30,16
meanders,27,13,83606,46413,28,18
meanders,27,12,125113,62958,26,19
meanders,27,11,140580,60170,24,21
meanders,27,10,103352,31772,22,23
meanders,27,9,44417,9823,20,24
meanders,27,8,13623,2950,18,26
meanders,27,7,4087,895,16,27
meanders,27,6,1254,286,14,29
meanders,27,5,392,90,12,30
meanders,27,4,125,32,10,32
meanders,27,3,40,10,8,34
meanders,27,2,12,4,6,36
meanders,27,1,3,1,4,36
meanders,28,28,0,1,5,1
meanders,28,27,2,2,7,1
meanders,28,26,6,6,9,1
meanders,28,25,16,11,11,2
meanders,28,24,37,27,13,3
meanders,28,23,81,52,15,5
meanders,28,22,180,119,17,6
meanders,28,21,382,239,19,7
meanders,28,20,836,531,21,9
meanders,28,19,1769,1094,23,10
meanders,28,18,3844,2397,25,11
meanders,28,17,8154,5012,27,13
meanders,28,16,17650,10902,29,14
meanders,28,15,37548,22997,31,16
meanders,28,14,77653,46383,30,18
meanders,28,13,133841,71743,28,19
meanders,28,12,183064,88066,26,21
meanders,28,11,181838,71702,24,22
meanders,28,10,115570,32360,22,24
meanders,28,9,45005,9823,20,26
meanders,28,8,13623,2950,18,27
meanders,28,7,4087,895,16,29
meanders,28,6,1254,286,14,30
meanders,28,5,392,90,12,32
meanders,28,4,125,32,10,34
meanders,28,3,40,10,8,35
meanders,28,2,12,4,6,37
meanders,28,1,3,1,4,38
meanders,29,29,0,1,4,1
meanders,29,28,3,3,6,1
meanders,29,27,7,6,8,2
meanders,29,26,20,15,10,3
meanders,29,25,42,29,12,4
meanders,29,24,100,67,14,5
meanders,29,23,207,134,16,6
meanders,29,22,468,299,18,8
meanders,29,21,974,614,20,9
meanders,29,20,2156,1348,22,10
meanders,29,19,4522,2813,24,12
meanders,29,18,9903,6125,26,13
meanders,29,17,20903,12905,28,15
meanders,29,16,45494,27970,30,16
meanders,29,15,96475,59282,32,18
meanders,29,14,183418,102390,30,19
meanders,29,13,282471,145814,28,21
meanders,29,12,344639,155152,26,23
meanders,29,11,286404,98483,24,24
meanders,29,10,143477,33536,22,26
meanders,29,9,46181,9823,20,27
meanders,29,8,13623,2950,18,29
meanders,29,7,4087,895,16,30
meanders,29,6,1254,286,14,32
meanders,29,5,392,90,12,34
meanders,29,4,125,32,10,36
meanders,29,3,40,10,8,37
meanders,29,2,12,4,6,39
meanders,29,1,3,1,4,40
meanders,30,30,0,1,5,1
meanders,30,29,2,2,7,1
meanders,30,28,6,6,9,1
meanders,30,27,16,11,11,2
meanders,30,26,37,27,13,3
meanders,30,25,81,52,15,5
meanders,30,24,180,119,17,6
meanders,30,23,382,239,19,7
meanders,30,22,836,531,21,9
meanders,30,21,1769,1094,23,10
meanders,30,20,3844,2397,25,11
meanders,30,19,8154,5012,27,13
meanders,30,18,17650,10902,29,14
meanders,30,17,37548,22997,31,16
meanders,30,16,81085,49815,33,18
meanders,30,15,166470,99224,32,19
meanders,30,14,295535,160441,30,21
meanders,30,13,422612,210102,28,22
meanders,30,12,462019,194029,26,24
meanders,30,11,333177,104027,24,26
meanders,30,10,148433,33536,22,27
meanders,30,9,46181,9823,20,29
meanders,30,8,13623,2950,18,30
meanders,30,7,4087,895,16,32
meanders,30,6,1254,286,14,34
meanders,30,5,392,90,12,35
meanders,30,4,125,32,10,37
meanders,30,3,40,10,8,39
meanders,30,2,12,4,6,40
meanders,30,1,3,1,4,41
meanders,31,31,0,1,4,1
meanders,31,30,3,3,6,1
meanders,31,29,7,6,8,2
meanders,31,28,20,15,10,3
meanders,31,27,42,29,12,4
meanders,31,26,100,67,14,5
meanders,31,25,207,134,16,6
meanders,31,24,468,299,18,8
meanders,31,23,974,614,20,9
meanders,31,22,2156,1348,22,10
meanders,31,21,4522,2813,24,12
meanders,31,20,9903,6125,26,13
meanders,31,19,20903,12905,28,15
meanders,31,18,45494,27970,30,16
meanders,31,17,96475,59282,32,18
meanders,31,16,209157,128129,34,19
meanders,31,15,396395,223991,32,21
meanders,31,14,637022,334361,30,23
meanders,31,13,825471,388695,28,24
meanders,31,12,771569,289697,26,26
meanders,31,11,445084,115907,24,27
meanders,31,10,159137,33536,22,29
meanders,31,9,46181,9823,20,30
meanders,31,8,13623,2950,18,32
meanders,31,7,4087,895,16,34
meanders,31,6,1254,286,14,36
meanders,31,5,392,90,12,37
meanders,31,4,125,32,10,39
meanders,31,3,40,10,8,40
meanders,31,2,12,4,6,42
meanders,31,1,3,1,4,43
meanders,32,32,0,1,5,1
meanders,32,31,2,2,7,1
meanders,32,30,6,6,9,1
meanders,32,29,16,11,11,2
meanders,32,28,37,27,13,3
meanders,32,27,81,52,15,5
meanders,32,26,180,119,17,6
meanders,32,25,382,239,19,7
meanders,32,24,836,531,21,9
meanders,32,23,1769,1094,23,10
meanders,32,22,3844,2397,25,11
meanders,32,21,8154,5012,27,13
meanders,32,20,17650,10902,29,14
meanders,32,19,37548,22997,31,16
meanders,32,18,81085,49815,33,18
meanders,32,17,172905,105659,35,19
meanders,32,16,359950,215418,34,21
meanders,32,15,647118,355948,32,22
meanders,32,14,970381,493479,30,24
meanders,32,13,1142431,507660,28,26
meanders,32,12,934520,320039,26,27
meanders,32,11,473494,115907,24,29
meanders,32,10,159137,33536,22,30
meanders,32,9,46181,9823,20,32
meanders,32,8,13623,2950,18,34
meanders,32,7,4087,895,16,35
meanders,32,6,1254,286,14,37
meanders,32,5,392,90,12,39
meanders,32,4,125,32,10,40
meanders,32,3,40,10,8,42
meanders,32,2,12,4,6,43
meanders,32,1,3,1,4,44
meanders,33,33,0,1,4,1
meanders,33,32,3,3,6,1
meanders,33,31,7,6,8,2
meanders,33,30,20,15,10,3
meanders,33,29,42,29,12,4
meanders,33,28,100,67,14,5
meanders,33,27,207,134,16,6
meanders,33,26,468,299,18,8
meanders,33,25,974,614,20,9
meanders,33,24,2156,1348,22,10
meanders,33,23,4522,2813,24,12
meanders,33,22,9903,6125,26,13
meanders,33,21,20903,12905,28,15
meanders,33,20,45494,27970,30,16
meanders,33,19,96475,59282,32,18
meanders,33,18,209157,128129,34,19
meanders,33,17,445014,272610,36,21
meanders,33,16,865071,490913,34,23
meanders,33,15,1420971,759360,32,24
meanders,33,14,1953451,950127,30,26
meanders,33,13,2008683,814956,28,27
meanders,33,12,1340353,388994,26,29
meanders,33,11,538045,115907,24,30
meanders,33,10,159137,33536,22,32
meanders,33,9,46181,9823,20,34
meanders,33,8,13623,2950,18,36
meanders,33,7,4087,895,16,37
meanders,33,6,1254,286,14,39
meanders,33,5,392,90,12,40
meanders,33,4,125,32,10,42
meanders,33,3,40,10,8,44
meanders,33,2,12,4,6,45
meanders,33,1,3,1,4,46
meanders,34,34,0,1,5,1
meanders,34,33,2,2,7,1
meanders,34,32,6,6,9,1
meanders,34,31,16,11,11,2
meanders,34,30,37,27,13,3
meanders,34,29,81,52,15,5
meanders,34,28,180,119,17,6
meanders,34,27,382,239,19,7
meanders,34,26,836,531,21,9
meanders,34,25,1769,1094,23,10
meanders,34,24,3844,2397,25,11
meanders,34,23,8154,5012,27,13
meanders,34,22,17650,10902,29,14
meanders,34,21,37548,22997,31,16
meanders,34,20,81085,49815,33,18
meanders,34,19,172905,105659,35,19
meanders,34,18,372820,228288,37,21
meanders,34,17,772103,461628,36,22
meanders,34,16,1419716,788178,34,24
meanders,34,15,2200428,1144435,32,26
meanders,34,14,2779663,1288018,30,27
meanders,34,13,2528086,944778,28,29
meanders,34,12,1475275,394538,26,30
meanders,34,11,543589,115907,24,32
meanders,34,10,159137,33536,22,34
meanders,34,9,46181,9823,20,35
meanders,34,8,13623,2950,18,37
meanders,34,7,4087,895,16,39
meanders,34,6,1254,286,14,40
meanders,34,5,392,90,12,42
meanders,34,4,125,32,10,43
meanders,34,3,40,10,8,45
meanders,34,2,12,4,6,47
meanders,34,1,3,1,4,48
meanders,35,35,0,1,4,1
meanders,35,34,3,3,6,1
meanders,35,33,7,6,8,2
meanders,35,32,20,15,10,3
meanders,35,31,42,29,12,4
meanders,35,30,100,67,14,5
meanders,35,29,207,134,16,6
meanders,35,28,468,299,18,8
meanders,35,27,974,614,20,9
meanders,35,26,2156,1348,22,10
meanders,35,25,4522,2813,24,12
meanders,35,24,9903,6125,26,13
meanders,35,23,20903,12905,28,15
meanders,35,22,45494,27970,30,16
meanders,35,21,96475,59282,32,18
meanders,35,20,209157,128129,34,19
meanders,35,19,445014,272610,36,21
meanders,35,18,962310,588152,38,23
meanders,35,17,1867575,1069831,36,24
meanders,35,16,3167211,1712791,34,26
meanders,35,15,4550074,2279273,32,27
meanders,35,14,5107533,2197935,30,29
meanders,35,13,3870863,1255396,28,30
meanders,35,12,1794752,406418,26,32
meanders,35,11,555469,115907,24,34
meanders,35,10,159137,33536,22,36
meanders,35,9,46181,9823,20,37
meanders,35,8,13623,2950,18,39
meanders,35,7,4087,895,16,40
meanders,35,6,1254,286,14,42
meanders,35,5,392,90,12,44
meanders,35,4,125,32,10,45
meanders,35,3,40,10,8,47
meanders,35,2,12,4,6,49
meanders,35,1,3,1,4,50
meanders,36,36,0,1,5,1
meanders,36,35,2,2,7,1
meanders,36,34,6,6,9,1
meanders,36,33,16,11,11,2
meanders,36,32,37,27,13,3
meanders,36,31,81,52,15,5
meanders,36,30,180,119,17,6
meanders,36,29,382,239,19,7
meanders,36,28,836,531,21,9
meanders,36,27,1769,1094,23,10
meanders,36,26,3844,2397,25,11
meanders,36,25,8154,5012,27,13
meanders,36,24,17650,10902,29,14
meanders,36,23,37548,22997,31,16
meanders,36,22,81085,49815,33,18
meanders,36,21,172905,105659,35,19
meanders,36,20,372820,228288,37,21
meanders,36,19,796413,485938,39,22
meanders,36,18,1666843,999555,38,24
meanders,36,17,3095876,1735998,36,26
meanders,36,16,4970764,2626205,34,27
meanders,36,15,6633729,3191110,32,29
meanders,36,14,6663680,2668603,30,30
meanders,36,13,4418190,1312024,28,32
meanders,36,12,1845836,406418,26,34
meanders,36,11,555469,115907,24,35
meanders,36,10,159137,33536,22,37
meanders,36,9,46181,9823,20,39
meanders,36,8,13623,2950,18,40
meanders,36,7,4087,895,16,42
meanders,36,6,1254,286,14,43
meanders,36,5,392,90,12,45
meanders,36,4,125,32,10,47
meanders,36,3,40,10,8,49
meanders,36,2,12,4,6,50
meanders,36,1,3,1,4,51
meanders,37,37,0,1,4,1
meanders,37,36,3,3,6,1
meanders,37,35,7,6,8,2
meanders,37,34,20,15,10,3
meanders,37,33,42,29,12,4
meanders,37,32,100,67,14,5
meanders,37,31,207,134,16,6
meanders,37,30,468,299,18,8
meanders,37,29,974,614,20,9
meanders,37,28,2156,1348,22,10
meanders,37,27,4522,2813,24,12
meanders,37,26,9903,6125,26,13
meanders,37,25,20903,12905,28,15
meanders,37,24,45494,27970,30,16
meanders,37,23,96475,59282,32,18
meanders,37,22,209157,128129,34,19
meanders,37,21,445014,272610,36,21
meanders,37,20,962310,588152,38,23
meanders,37,19,2052330,1254586,40,24
meanders,37,18,4060680,2333991,38,26
meanders,37,17,7005499,3838717,36,27
meanders,37,16,10508770,5379435,34,29
meanders,37,15,12665465,5733997,32,30
meanders,37,14,10821953,3847990,30,32
meanders,37,13,5763380,1439437,28,34
meanders,37,12,1961369,406418,26,36
meanders,37,11,555469,115907,24,37
meanders,37,10,159137,33536,22,39
meanders,37,9,46181,9823,20,40
meanders,37,8,13623,2950,18,42
meanders,37,7,4087,895,16,44
meanders,37,6,1254,286,14,45
meanders,37,5,392,90,12,47
meanders,37,4,125,32,10,49
meanders,37,3,40,10,8,50
meanders,37,2,12,4,6,52
meanders,37,1,3,1,4,53
meanders,38,38,0,1,5,1
meanders,38,37,2,2,7,1
meanders,38,36,6,6,9,1
meanders,38,35,16,11,11,2
meanders,38,34,37,27,13,3
meanders,38,33,81,52,15,5
meanders,38,32,180,119,17,6
meanders,38,31,382,239,19,7
meanders,38,30,836,531,21,9
meanders,38,29,1769,1094,23,10
meanders,38,28,3844,2397,25,11
meanders,38,27,8154,5012,27,13
meanders,38,26,17650,10902,29,14
meanders,38,25,37548,22997,31,16
meanders,38,24,81085,49815,33,18
meanders,38,23,172905,105659,35,19
meanders,38,22,372820,228288,37,21
meanders,38,21,796413,485938,39,22
meanders,38,20,1715463,1048175,41,24
meanders,38,19,3576992,2144184,40,26
meanders,38,18,6760789,3817705,38,27
meanders,38,17,11131563,5976036,36,29
meanders,38,16,15644708,7739861,34,30
meanders,38,15,17071836,7267529,32,32
meanders,38,14,12828903,4180729,30,34
meanders,38,13,6074933,1439437,28,35
meanders,38,12,1961369,406418,26,37
meanders,38,11,555469,115907,24,39
meanders,38,10,159137,33536,22,40
meanders,38,9,46181,9823,20,42
meanders,38,8,13623,2950,18,43
meanders,38,7,4087,895,16,45
meanders,38,6,1254,286,14,47
meanders,38,5,392,90,12,49
meanders,38,4,125,32,10,50
meanders,38,3,40,10,8,52
meanders,38,2,12,4,6,54
meanders,38,1,3,1,4,54
meanders,39,39,0,1,4,1
meanders,39,38,3,3,6,1
meanders,39,37,7,6,8,2
meanders,39,36,20,15,10,3
meanders,39,35,42,29,12,4
meanders,39,34,100,67,14,5
meanders,39,33,207,134,16,6
meanders,39,32,468,299,18,8
meanders,39,31,974,614,20,9
meanders,39,30,2156,1348,22,10
meanders,39,29,4522,2813,24,12
meanders,39,28,9903,6125,26,13
meanders,39,27,20903,12905,28,15
meanders,39,26,45494,27970,30,16
meanders,39,25,96475,59282,32,18
meanders,39,24,209157,128129,34,19
meanders,39,23,445014,272610,36,21
meanders,39,22,962310,588152,38,23
meanders,39,21,2052330,1254586,40,24
meanders,39,20,4430191,2703502,42,26
meanders,39,19,8759139,5071684,40,27
meanders,39,18,15486485,8561584,38,29
meanders,39,17,24006862,12539913,36,30
meanders,39,16,30858030,14523042,34,32
meanders,39,15,29210465,11268890,32,34
meanders,39,14,17926722,4963247,30,36
meanders,39,13,6807852,1439437,28,37
meanders,39,12,1961369,406418,26,39
meanders,39,11,555469,115907,24,40
meanders,39,10,159137,33536,22,42
meanders,39,9,46181,9823,20,44
meanders,39,8,13623,2950,18,45
meanders,39,7,4087,895,16,47
meanders,39,6,1254,286,14,49
meanders,39,5,392,90,12,50
meanders,39,4,125,32,10,52
meanders,39,3,40,10,8,54
meanders,39,2,12,4,6,56
meanders,39,1,3,1,4,56
meanders,40,40,0,1,5,1
meanders,40,39,2,2,7,1
meanders,40,38,6,6,9,1
meanders,40,37,16,11,11,2
meanders,40,36,37,27,13,3
meanders,40,35,81,52,15,5
meanders,40,34,180,119,17,6
meanders,40,33,382,239,19,7
meanders,40,32,836,531,21,9
meanders,40,31,1769,1094,23,10
meanders,40,30,3844,2397,25,11
meanders,40,29,8154,5012,27,13
meanders,40,28,17650,10902,29,14
meanders,40,27,37548,22997,31,16
meanders,40,26,81085,49815,33,18
meanders,40,25,172905,105659,35,19
meanders,40,24,372820,228288,37,21
meanders,40,23,796413,485938,39,22
meanders,40,22,1715463,1048175,41,24
meanders,40,21,3669370,2236562,43,26
meanders,40,20,7713316,4634096,42,27
meanders,40,19,14698138,8364514,40,29
meanders,40,18,24860637,13499590,38,30
meanders,40,17,36397455,18469905,36,32
meanders,40,16,42829652,19126073,34,34
meanders,40,15,35925397,12786835,32,35
meanders,40,14,19484729,5019875,30,37
meanders,40,13,6864480,1439437,28,39
meanders,40,12,1961369,406418,26,40
meanders,40,11,555469,115907,24,42
meanders,40,10,159137,33536,22,43
meanders,40,9,46181,9823,20,45
meanders,40,8,13623,2950,18,47
meanders,40,7,4087,895,16,49
meanders,40,6,1254,286,14,50
meanders,40,5,392,90,12,52
meanders,40,4,125,32,10,54
meanders,40,3,40,10,8,56
meanders,40,2,12,4,6,57
meanders,40,1,3,1,4,58
meanders,41,41,0,1,4,1
meanders,41,40,3,3,6,1
meanders,41,39,7,6,8,2
meanders,41,38,20,15,10,3
meanders,41,37,42,29,12,4
meanders,41,36,100,67,14,5
meanders,41,35,207,134,16,6
meanders,41,34,468,299,18,8
meanders,41,33,974,614,20,9
meanders,41,32,2156,1348,22,10
meanders,41,31,4522,2813,24,12
meanders,41,30,9903,6125,26,13
meanders,41,29,20903,12905,28,15
meanders,41,28,45494,27970,30,16
meanders,41,27,96475,59282,32,18
meanders,41,26,209157,128129,34,19
meanders,41,25,445014,272610,36,21
meanders,41,24,962310,588152,38,23
meanders,41,23,2052330,1254586,40,24
meanders,41,22,4430191,2703502,42,26
meanders,41,21,9464570,5777115,44,27
meanders,41,20,18994094,11027844,42,29
meanders,41,19,34045550,19010496,40,30
meanders,41,18,54515804,28911540,38,32
meanders,41,17,73853223,35946838,36,34
meanders,41,16,76708059,31576611,34,36
meanders,41,15,53520920,16503834,32,37
meanders,41,14,23273349,5147288,30,39
meanders,41,13,6991893,1439437,28,40
meanders,41,12,1961369,406418,26,42
meanders,41,11,555469,115907,24,44
meanders,41,10,159137,33536,22,45
meanders,41,9,46181,9823,20,47
meanders,41,8,13623,2950,18,49
meanders,41,7,4087,895,16,50
meanders,41,6,1254,286,14,52
meanders,41,5,392,90,12,54
meanders,41,4,125,32,10,56
meanders,41,3,40,10,8,57
meanders,41,2,12,4,6,59
meanders,41,1,3,1,4,60
meanders,42,42,0,1,5,1
meanders,42,41,2,2,7,1
meanders,42,40,6,6,9,1
meanders,42,39,16,11,11,2
meanders,42,38,37,27,13,3
meanders,42,37,81,52,15,5
meanders,42,36,180,119,17,6
meanders,42,35,382,239,19,7
meanders,42,34,836,531,21,9
meanders,42,33,1769,1094,23,10
meanders,42,32,3844,2397,25,11
meanders,42,31,8154,5012,27,13
meanders,42,30,17650,10902,29,14
meanders,42,29,37548,22997,31,16
meanders,42,28,81085,49815,33,18
meanders,42,27,172905,105659,35,19
meanders,42,26,372820,228288,37,21
meanders,42,25,796413,485938,39,22
meanders,42,24,1715463,1048175,41,24
meanders,42,23,3669370,2236562,43,26
meanders,42,22,7898072,4818852,45,27
meanders,42,21,16557686,9946928,44,29
meanders,42,20,31988766,18303631,42,30
meanders,42,19,55177416,30318948,40,32
meanders,42,18,83959724,43438537,38,34
meanders,42,17,105195927,48972747,36,35
meanders,42,16,97727456,37414872,34,37
meanders,42,15,60149113,17117304,32,39
meanders,42,14,23830191,5147288,30,40
meanders,42,13,6991893,1439437,28,42
meanders,42,12,1961369,406418,26,43
meanders,42,11,555469,115907,24,45
meanders,42,10,159137,33536,22,47
meanders,42,9,46181,9823,20,49
meanders,42,8,13623,2950,18,50
meanders,42,7,4087,895,16,52
meanders,42,6,1254,286,14,54
meanders,42,5,392,90,12,56
meanders,42,4,125,32,10,57
meanders,42,3,40,10,8,59
meanders,42,2,12,4,6,60
meanders,42,1,3,1,4,61
meanders,43,43,0,1,4,1
meanders,43,42,3,3,6,1
meanders,43,41,7,6,8,2
meanders,43,40,20,15,10,3
meanders,43,39,42,29,12,4
meanders,43,38,100,67,14,5
meanders,43,37,207,134,16,6
meanders,43,36,468,299,18,8
meanders,43,35,974,614,20,9
meanders,43,34,2156,1348,22,10
meanders,43,33,4522,2813,24,12
meanders,43,32,9903,6125,26,13
meanders,43,31,20903,12905,28,15
meanders,43,30,45494,27970,30,16
meanders,43,29,96475,59282,32,18
meanders,43,28,209157,128129,34,19
meanders,43,27,445014,272610,36,21
meanders,43,26,962310,588152,38,23
meanders,43,25,2052330,1254586,40,24
meanders,43,24,4430191,2703502,42,26
meanders,43,23,9464570,5777115,44,27
meanders,43,22,20404957,12438707,46,29
meanders,43,21,40943562,23909787,44,30
meanders,43,20,74812320,42061178,42,32
meanders,43,19,122844418,66098337,40,34
meanders,43,18,174518576,87192965,38,36
meanders,43,17,196080750,85328470,36,37
meanders,43,16,154386778,52258636,34,39
meanders,43,15,76768508,18548734,32,40
meanders,43,14,25134208,5147288,30,42
meanders,43,13,6991893,1439437,28,44
meanders,43,12,1961369,406418,26,45
meanders,43,11,555469,115907,24,47
meanders,43,10,159137,33536,22,49
meanders,43,9,46181,9823,20,50
meanders,43,8,13623,2950,18,52
meanders,43,7,4087,895,16,54
meanders,43,6,1254,286,14,56
meanders,43,5,392,90,12,57
meanders,43,4,125,32,10,59
meanders,43,3,40,10,8,61
meanders,43,2,12,4,6,62
meanders,43,1,3,1,4,63
meanders,44,44,0,1,5,1
meanders,44,43,2,2,7,1
meanders,44,42,6,6,9,1
meanders,44,41,16,11,11,2
meanders,44,40,37,27,13,3
meanders,44,39,81,52,15,5
meanders,44,38,180,119,17,6
meanders,44,37,382,239,19,7
meanders,44,36,836,531,21,9
meanders,44,35,1769,1094,23,10
meanders,44,34,3844,2397,25,11
meanders,44,33,8154,5012,27,13
meanders,44,32,17650,10902,29,14
meanders,44,31,37548,22997,31,16
meanders,44,30,81085,49815,33,18
meanders,44,29,172905,105659,35,19
meanders,44,28,372820,228288,37,21
meanders,44,27,796413,485938,39,22
meanders,44,26,1715463,1048175,41,24
meanders,44,25,3669370,2236562,43,26
meanders,44,24,7898072,4818852,45,27
meanders,44,23,16910402,10299644,47,29
meanders,44,22,35674291,21468480,46,30
meanders,44,21,69384848,39945329,44,32
meanders,44,20,122221119,67738373,42,34
meanders,44,19,191816100,101027318,40,35
meanders,44,18,254319951,122342694,38,37
meanders,44,17,258090741,105386326,36,39
meanders,44,16,179755225,56066869,34,40
meanders,44,15,80336072,18548734,32,42
meanders,44,14,25134208,5147288,30,43
meanders,44,13,6991893,1439437,28,45
meanders,44,12,1961369,406418,26,47
meanders,44,11,555469,115907,24,49
meanders,44,10,159137,33536,22,50
meanders,44,9,46181,9823,20,52
meanders,44,8,13623,2950,18,54
meanders,44,7,4087,895,16,56
meanders,44,6,1254,286,14,57
meanders,44,5,392,90,12,59
meanders,44,4,125,32,10,60
meanders,44,3,40,10,8,62
meanders,44,2,12,4,6,64
meanders,44,1,3,1,4,64
meanders,45,45,0,1,4,1
meanders,45,44,3,3,6,1
meanders,45,43,7,6,8,2
meanders,45,42,20,15,10,3
meanders,45,41,42,29,12,4
meanders,45,40,100,67,14,5
meanders,45,39,207,134,16,6
meanders,45,38,468,299,18,8
meanders,45,37,974,614,20,9
meanders,45,36,2156,1348,22,10
meanders,45,35,4522,2813,24,12
meanders,45,34,9903,6125,26,13
meanders,45,33,20903,12905,28,15
meanders,45,32,45494,27970,30,16
meanders,45,31,96475,59282,32,18
meanders,45,30,209157,128129,34,19
meanders,45,29,445014,272610,36,21
meanders,45,28,962310,588152,38,23
meanders,45,27,2052330,1254586,40,24
meanders,45,26,4430191,2703502,42,26
meanders,45,25,9464570,5777115,44,27
meanders,45,24,20404957,12438707,46,29
meanders,45,23,43647717,26613942,48,30
meanders,45,22,88608749,51860162,46,32
meanders,45,21,163720027,92763117,44,34
meanders,45,20,275625607,149960609,42,36
meanders,45,19,407215789,208183230,40,37
meanders,45,18,490719552,223196394,38,39
meanders,45,17,429731962,158152598,36,40
meanders,45,16,245151465,65264200,34,42
meanders,45,15,88956112,18548734,32,44
meanders,45,14,25134208,5147288,30,45
meanders,45,13,6991893,1439437,28,47
meanders,45,12,1961369,406418,26,49
meanders,45,11,555469,115907,24,50
meanders,45,10,159137,33536,22,52
meanders,45,9,46181,9823,20,54
meanders,45,8,13623,2950,18,56
meanders,45,7,4087,895,16,57
meanders,45,6,1254,286,14,59
meanders,45,5,392,90,12,61
meanders,45,4,125,32,10,62
meanders,45,3,40,10,8,64
meanders,45,2,12,4,6,66
meanders,45,1,3,1,4,67
meanders,46,46,0,1,5,1
meanders,46,45,2,2,7,1
meanders,46,44,6,6,9,1
meanders,46,43,16,11,11,2
meanders,46,42,37,27,13,3
meanders,46,41,81,52,15,5
meanders,46,40,180,119,17,6
meanders,46,39,382,239,19,7
meanders,46,38,836,531,21,9
meanders,46,37,1769,1094,23,10
meanders,46,36,3844,2397,25,11
meanders,46,35,8154,5012,27,13
meanders,46,34,17650,10902,29,14
meanders,46,33,37548,22997,31,16
meanders,46,32,81085,49815,33,18
meanders,46,31,172905,105659,35,19
meanders,46,30,372820,228288,37,21
meanders,46,29,796413,485938,39,22
meanders,46,28,1715463,1048175,41,24
meanders,46,27,3669370,2236562,43,26
meanders,46,26,7898072,4818852,45,27
meanders,46,25,16910402,10299644,47,29
meanders,46,24,36379723,22173912,49,30
meanders,46,23,76596358,46098691,48,32
meanders,46,22,150619536,87087336,46,34
meanders,46,21,269489252,150715842,44,35
meanders,46,20,435541584,232599787,42,37
meanders,46,19,605408207,299691168,40,39
meanders,46,18,665523011,286370089,38,40
meanders,46,17,518168154,176441440,36,42
meanders,46,16,263762772,65877670,34,43
meanders,46,15,89569582,18548734,32,45
meanders,46,14,25134208,5147288,30,47
meanders,46,13,6991893,1439437,28,49
meanders,46,12,1961369,406418,26,50
meanders,46,11,555469,115907,24,52
meanders,46,10,159137,33536,22,54
meanders,46,9,46181,9823,20,56
meanders,46,8,13623,2950,18,57
meanders,46,7,4087,895,16,59
meanders,46,6,1254,286,14,60
meanders,46,5,392,90,12,62
meanders,46,4,125,32,10,64
meanders,46,3,40,10,8,66
meanders,46,2,12,4,6,67
meanders,46,1,3,1,4,68
meanders,47,47,0,1,4,1
meanders,47,46,3,3,6,1
meanders,47,45,7,6,8,2
meanders,47,44,20,15,10,3
meanders,47,43,42,29,12,4
meanders,47,42,100,67,14,5
meanders,47,41,207,134,16,6
meanders,47,40,468,299,18,8
meanders,47,39,974,614,20,9
meanders,47,38,2156,1348,22,10
meanders,47,37,4522,2813,24,12
meanders,47,36,9903,6125,26,13
meanders,47,35,20903,12905,28,15
meanders,47,34,45494,27970,30,16
meanders,47,33,96475,59282,32,18
meanders,47,32,209157,128129,34,19
meanders,47,31,445014,272610,36,21
meanders,47,30,962310,588152,38,23
meanders,47,29,2052330,1254586,40,24
meanders,47,28,4430191,2703502,42,26
meanders,47,27,9464570,5777115,44,27
meanders,47,26,20404957,12438707,46,29
meanders,47,25,43647717,26613942,48,30
meanders,47,24,94017060,57268473,50,32
meanders,47,23,190897307,112243956,48,34
meanders,47,22,358153498,204032082,46,36
meanders,47,21,614965718,338213426,44,37
