oeisID,n,boundary,buckets,arcCodes,arcCodeBitWidth,crossingsBitWidth
A000682,2,2,0,3,10,1
A000682,2,1,1,1,4,1
A000682,3,3,0,3,12,1
A000682,3,2,3,3,6,1
A000682,3,1,2,1,4,2
A000682,4,4,0,4,14,1
A000682,4,3,4,4,8,1
A000682,4,2,7,3,6,2
A000682,4,1,2,1,4,3
A000682,5,5,0,4,16,1
A000682,5,4,6,6,10,1
A000682,5,3,11,6,8,2
A000682,5,2,9,4,6,3
A000682,5,1,3,1,4,4
A000682,6,6,0,5,18,1
A000682,6,5,7,7,12,1
A000682,6,4,18,10,10,2
A000682,6,3,15,7,8,3
A000682,6,2,10,4,6,5
A000682,6,1,3,1,4,5
A000682,7,7,0,5,20,1
A000682,7,6,9,9,14,1
A000682,7,5,22,13,12,2
A000682,7,4,30,16,10,3
A000682,7,3,24,10,8,5
A000682,7,2,12,4,6,6
A000682,7,1,3,1,4,7
A000682,8,8,0,6,22,1
A000682,8,7,10,10,16,1
A000682,8,6,29,17,14,2
A000682,8,5,38,21,12,3
A000682,8,4,43,21,10,5
A000682,8,3,30,10,8,6
A000682,8,2,12,4,6,8
A000682,8,1,3,1,4,8
A000682,9,9,0,6,24,1
A000682,9,8,12,12,18,1
A000682,9,7,33,20,16,2
A000682,9,6,55,32,14,3
A000682,9,5,67,35,12,5
A000682,9,4,68,28,10,6
A000682,9,3,36,10,8,8
A000682,9,2,12,4,6,9
A000682,9,1,3,1,4,9
A000682,10,10,0,7,26,1
A000682,10,9,13,13,20,1
A000682,10,8,40,24,18,2
A000682,10,7,63,37,16,3
A000682,10,6,96,56,14,5
A000682,10,5,108,46,12,6
A000682,10,4,80,31,10,8
A000682,10,3,39,10,8,9
A000682,10,2,12,4,6,11
A000682,10,1,3,1,4,11
A000682,11,11,0,7,28,1
A000682,11,10,15,15,22,1
A000682,11,9,44,27,20,2
A000682,11,8,80,48,18,3
A000682,11,7,122,72,16,5
A000682,11,6,176,86,14,6
A000682,11,5,161,68,12,8
A000682,11,4,107,32,10,9
A000682,11,3,40,10,8,11
A000682,11,2,12,4,6,12
A000682,11,1,3,1,4,13
A000682,12,12,0,8,30,1
A000682,12,11,16,16,24,1
A000682,12,10,51,31,22,2
A000682,12,9,88,53,20,3
A000682,12,8,153,95,18,5
A000682,12,7,230,116,16,6
A000682,12,6,257,123,14,8
A000682,12,5,220,78,12,9
A000682,12,4,114,32,10,11
A000682,12,3,40,10,8,12
A000682,12,2,12,4,6,14
A000682,12,1,3,1,4,14
A000682,13,13,0,8,32,1
A000682,13,12,18,18,26,1
A000682,13,11,55,34,24,2
A000682,13,10,105,64,22,3
A000682,13,9,179,111,20,5
A000682,13,8,312,170,18,6
A000682,13,7,386,194,16,8
A000682,13,6,417,177,14,9
A000682,13,5,289,90,12,11
A000682,13,4,125,32,10,12
A000682,13,3,40,10,8,14
A000682,13,2,12,4,6,15
A000682,13,1,3,1,4,16
A000682,14,14,0,9,34,1
A000682,14,13,19,19,28,1
A000682,14,12,62,38,26,2
A000682,14,11,113,69,24,3
A000682,14,10,210,134,22,5
A000682,14,9,368,202,20,6
A000682,14,8,530,291,18,8
A000682,14,7,634,283,16,9
A000682,14,6,559,220,14,11
A000682,14,5,336,90,12,13
A000682,14,4,125,32,10,14
A000682,14,3,40,10,8,16
A000682,14,2,12,4,6,17
A000682,14,1,3,1,4,17
A000682,15,15,0,9,36,1
A000682,15,14,21,21,30,1
A000682,15,13,66,41,28,2
A000682,15,12,130,80,26,3
A000682,15,11,236,150,24,5
A000682,15,10,452,258,22,6
A000682,15,9,677,378,20,8
A000682,15,8,953,470,18,9
A000682,15,7,1001,433,16,11
A000682,15,6,789,270,14,13
A000682,15,5,376,90,12,14
A000682,15,4,125,32,10,16
A000682,15,3,40,10,8,17
A000682,15,2,12,4,6,18
A000682,15,1,3,1,4,19
A000682,16,16,0,10,38,1
A000682,16,15,22,22,32,1
A000682,16,14,73,45,30,2
A000682,16,13,138,85,28,3
A000682,16,12,267,173,26,5
A000682,16,11,508,290,24,6
A000682,16,10,839,493,22,8
A000682,16,9,1246,636,20,9
A000682,16,8,1507,711,18,11
A000682,16,7,1440,572,16,13
A000682,16,6,949,285,14,14
A000682,16,5,391,90,12,16
A000682,16,4,125,32,10,17
A000682,16,3,40,10,8,19
A000682,16,2,12,4,6,20
A000682,16,1,3,1,4,21
A000682,17,17,0,10,40,1
A000682,17,16,24,24,34,1
A000682,17,15,77,48,32,2
A000682,17,14,155,96,30,3
A000682,17,13,293,189,28,5
A000682,17,12,592,346,26,6
A000682,17,11,988,582,24,8
A000682,17,10,1641,895,22,9
A000682,17,9,2173,1074,20,11
A000682,17,8,2464,1105,18,13
A000682,17,7,2090,750,16,14
A000682,17,6,1125,286,14,16
A000682,17,5,392,90,12,17
A000682,17,4,125,32,10,19
A000682,17,3,40,10,8,20
A000682,17,2,12,4,6,22
A000682,17,1,3,1,4,22
A000682,18,18,0,11,42,1
A000682,18,17,25,25,36,1
A000682,18,16,84,52,34,2
A000682,18,15,163,101,32,3
A000682,18,14,324,212,30,5
A000682,18,13,648,378,28,6
A000682,18,12,1152,699,26,8
A000682,18,11,1956,1081,24,9
A000682,18,10,2901,1528,22,11
A000682,18,9,3593,1691,20,13
A000682,18,8,3647,1517,18,14
A000682,18,7,2636,847,16,16
A000682,18,6,1207,286,14,17
A000682,18,5,392,90,12,19
A000682,18,4,125,32,10,21
A000682,18,3,40,10,8,22
A000682,18,2,12,4,6,23
A000682,18,1,3,1,4,24
A000682,19,19,0,11,44,1
A000682,19,18,27,27,38,1
A000682,19,17,88,55,36,2
A000682,19,16,180,112,34,3
A000682,19,15,350,228,32,5
A000682,19,14,732,434,30,6
A000682,19,13,1301,788,28,8
A000682,19,12,2373,1362,26,9
A000682,19,11,3681,1985,24,11
A000682,19,10,5143,2592,22,13
A000682,19,9,5981,2693,20,14
A000682,19,8,5429,2109,18,16
A000682,19,7,3327,895,16,17
A000682,19,6,1254,286,14,19
A000682,19,5,392,90,12,21
A000682,19,4,125,32,10,22
A000682,19,3,40,10,8,24
A000682,19,2,12,4,6,25
A000682,19,1,3,1,4,25
A000682,20,20,0,12,46,1
A000682,20,19,28,28,40,1
A000682,20,18,95,59,38,2
A000682,20,17,188,117,36,3
A000682,20,16,381,251,34,5
A000682,20,15,788,466,32,6
A000682,20,14,1465,905,30,8
A000682,20,13,2690,1550,28,9
A000682,20,12,4523,2549,26,11
A000682,20,11,6656,3462,24,13
A000682,20,10,8610,4118,22,14
A000682,20,9,9056,3912,20,16
A000682,20,8,7279,2507,18,17
A000682,20,7,3690,895,16,19
A000682,20,6,1254,286,14,21
A000682,20,5,392,90,12,22
A000682,20,4,125,32,10,24
A000682,20,3,40,10,8,25
A000682,20,2,12,4,6,27
A000682,20,1,3,1,4,27
A000682,21,21,0,12,48,1
A000682,21,20,30,30,42,1
A000682,21,19,99,62,40,2
A000682,21,18,205,128,38,3
A000682,21,17,407,267,36,5
A000682,21,16,872,522,34,6
A000682,21,15,1614,994,32,8
A000682,21,14,3109,1833,30,9
A000682,21,13,5329,3030,28,11
A000682,21,12,8588,4699,26,13
A000682,21,11,11974,5966,24,14
A000682,21,10,14374,6737,22,16
A000682,21,9,14089,5633,20,17
A000682,21,8,9518,2886,18,19
A000682,21,7,4023,895,16,21
A000682,21,6,1254,286,14,22
A000682,21,5,392,90,12,24
A000682,21,4,125,32,10,26
A000682,21,3,40,10,8,27
A000682,21,2,12,4,6,28
A000682,21,1,3,1,4,29
A000682,22,22,0,13,50,1
A000682,22,21,31,31,44,1
A000682,22,20,106,66,42,2
A000682,22,19,213,133,40,3
A000682,22,18,438,290,38,5
A000682,22,17,928,554,36,6
A000682,22,16,1778,1111,34,8
A000682,22,15,3426,2021,32,9
A000682,22,14,6197,3620,30,11
A000682,22,13,10261,5705,28,13
A000682,22,12,15617,8145,26,14
A000682,22,11,20195,9856,24,16
A000682,22,10,22679,9997,22,17
A000682,22,9,19410,7211,20,19
A000682,22,8,11262,2949,18,21
A000682,22,7,4086,895,16,22
A000682,22,6,1254,286,14,24
A000682,22,5,392,90,12,26
A000682,22,4,125,32,10,27
A000682,22,3,40,10,8,29
A000682,22,2,12,4,6,30
A000682,22,1,3,1,4,30
A000682,23,23,0,13,52,1
A000682,23,22,33,33,46,1
A000682,23,21,110,69,44,2
A000682,23,20,230,144,42,3
A000682,23,19,464,306,40,5
A000682,23,18,1012,610,38,6
A000682,23,17,1927,1200,36,8
A000682,23,16,3845,2304,34,9
A000682,23,15,7005,4103,32,11
A000682,23,14,12353,7098,30,13
A000682,23,13,19613,10485,28,14
A000682,23,12,27851,14263,26,16
A000682,23,11,34776,16312,24,17
A000682,23,10,35619,15086,22,19
A000682,23,9,27035,8835,20,21
A000682,23,8,12699,2950,18,22
A000682,23,7,4087,895,16,24
A000682,23,6,1254,286,14,26
A000682,23,5,392,90,12,27
A000682,23,4,125,32,10,29
A000682,23,3,40,10,8,30
A000682,23,2,12,4,6,32
A000682,23,1,3,1,4,32
A000682,24,24,0,14,54,1
A000682,24,23,34,34,48,1
A000682,24,22,117,73,46,2
A000682,24,21,238,149,44,3
A000682,24,20,495,329,42,5
A000682,24,19,1068,642,40,6
A000682,24,18,2091,1317,38,8
A000682,24,17,4162,2492,36,9
A000682,24,16,7875,4695,34,11
A000682,24,15,14056,8132,32,13
A000682,24,14,23886,13242,30,14
A000682,24,13,35546,18700,28,16
A000682,24,12,48228,23638,26,17
A000682,24,11,55361,25283,24,19
A000682,24,10,51780,20167,22,21
A000682,24,9,33109,9631,20,22
A000682,24,8,13432,2950,18,24
A000682,24,7,4087,895,16,26
A000682,24,6,1254,286,14,27
A000682,24,5,392,90,12,29
A000682,24,4,125,32,10,31
A000682,24,3,40,10,8,32
A000682,24,2,12,4,6,33
A000682,24,1,3,1,4,34
A000682,25,25,0,14,56,1
A000682,25,24,36,36,50,1
A000682,25,23,121,76,48,2
A000682,25,22,255,160,46,3
A000682,25,21,521,345,44,5
A000682,25,20,1152,698,42,6
A000682,25,19,2240,1406,40,8
A000682,25,18,4581,2775,38,9
A000682,25,17,8683,5178,36,11
A000682,25,16,16178,9555,34,13
A000682,25,15,28096,15768,32,14
A000682,25,14,45056,24625,30,16
A000682,25,13,65039,32983,28,17
A000682,25,12,82793,40065,26,19
A000682,25,11,90239,39122,24,21
A000682,25,10,74138,26527,22,22
A000682,25,9,39904,9823,20,24
A000682,25,8,13623,2950,18,26
A000682,25,7,4087,895,16,27
A000682,25,6,1254,286,14,29
A000682,25,5,392,90,12,31
A000682,25,4,125,32,10,32
A000682,25,3,40,10,8,34
A000682,25,2,12,4,6,35
A000682,25,1,3,1,4,36
A000682,26,26,0,15,58,1
A000682,26,25,37,37,52,1
A000682,26,24,128,80,50,2
A000682,26,23,263,165,48,3
A000682,26,22,552,368,46,5
A000682,26,21,1208,730,44,6
A000682,26,20,2404,1523,42,8
A000682,26,19,4898,2963,40,9
A000682,26,18,9553,5770,38,11
A000682,26,17,17883,10591,36,13
A000682,26,16,32583,18735,34,14
A000682,26,15,53729,29850,32,16
A000682,26,14,83119,43601,30,17
A000682,26,13,112605,56314,28,19
A000682,26,12,136324,63216,26,21
A000682,26,11,134146,55180,24,22
A000682,26,10,96401,30509,22,24
A000682,26,9,43344,9823,20,26
A000682,26,8,13623,2950,18,27
A000682,26,7,4087,895,16,29
A000682,26,6,1254,286,14,31
A000682,26,5,392,90,12,32
A000682,26,4,125,32,10,34
A000682,26,3,40,10,8,36
A000682,26,2,12,4,6,37
A000682,26,1,3,1,4,37
A000682,27,27,0,15,60,1
A000682,27,26,39,39,54,1
A000682,27,25,132,83,52,2
A000682,27,24,280,176,50,3
A000682,27,23,578,384,48,5
A000682,27,22,1292,786,46,6
A000682,27,21,2553,1612,44,8
A000682,27,20,5317,3246,42,9
A000682,27,19,10361,6253,40,11
A000682,27,18,20007,12016,38,13
A000682,27,17,36827,21293,36,14
A000682,27,16,64215,36691,34,16
A000682,27,15,103210,55382,32,17
A000682,27,14,150571,78026,30,19
A000682,27,13,198326,96450,28,21
A000682,27,12,224238,100970,26,22
A000682,27,11,200991,76211,24,24
A000682,27,10,121280,33280,22,26
A000682,27,9,45925,9823,20,27
A000682,27,8,13623,2950,18,29
A000682,27,7,4087,895,16,31
A000682,27,6,1254,286,14,32
A000682,27,5,392,90,12,34
A000682,27,4,125,32,10,36
A000682,27,3,40,10,8,37
A000682,27,2,12,4,6,38
A000682,27,1,3,1,4,39
A000682,28,28,0,16,62,1
A000682,28,27,40,40,56,1
A000682,28,26,139,87,54,2
A000682,28,25,288,181,52,3
A000682,28,24,609,407,50,5
A000682,28,23,1348,818,48,6
A000682,28,22,2717,1729,46,8
A000682,28,21,5634,3434,44,9
A000682,28,20,11231,6845,42,11
A000682,28,19,21712,13052,40,13
A000682,28,18,41348,24294,38,14
A000682,28,17,73164,42160,36,16
A000682,28,16,124546,68828,34,17
A000682,28,15,189339,100347,32,19
A000682,28,14,266489,133964,30,21
A000682,28,13,329564,156729,28,22
A000682,28,12,346088,147507,26,24
A000682,28,11,271474,93600,24,26
A000682,28,10,139089,33535,22,27
A000682,28,9,46180,9823,20,29
A000682,28,8,13623,2950,18,31
A000682,28,7,4087,895,16,32
A000682,28,6,1254,286,14,34
A000682,28,5,392,90,12,36
A000682,28,4,125,32,10,37
A000682,28,3,40,10,8,39
A000682,28,2,12,4,6,40
A000682,28,1,3,1,4,41
A000682,29,29,0,16,64,1
A000682,29,28,42,42,58,1
A000682,29,27,143,90,56,2
A000682,29,26,305,192,54,3
A000682,29,25,635,423,52,5
A000682,29,24,1432,874,50,6
A000682,29,23,2866,1818,48,8
A000682,29,22,6053,3717,46,9
A000682,29,21,12039,7328,44,11
A000682,29,20,23836,14477,42,13
A000682,29,19,45594,26854,40,14
A000682,29,18,83926,49273,38,16
A000682,29,17,146073,81797,36,17
A000682,29,16,236133,128861,34,19
A000682,29,15,350057,180908,32,21
A000682,29,14,469849,233250,30,22
A000682,29,13,555810,255602,28,24
A000682,29,12,532050,213561,26,26
A000682,29,11,360894,109141,24,27
A000682,29,10,152627,33536,22,29
A000682,29,9,46181,9823,20,31
A000682,29,8,13623,2950,18,32
A000682,29,7,4087,895,16,34
A000682,29,6,1254,286,14,36
A000682,29,5,392,90,12,38
A000682,29,4,125,32,10,39
A000682,29,3,40,10,8,41
A000682,29,2,12,4,6,42
A000682,29,1,3,1,4,42
A000682,30,30,0,17,66,1
A000682,30,29,43,43,60,1
A000682,30,28,150,94,58,2
A000682,30,27,313,197,56,3
A000682,30,26,666,446,54,5
A000682,30,25,1488,906,52,6
A000682,30,24,3030,1935,50,8
A000682,30,23,6370,3905,48,9
A000682,30,22,12909,7920,46,11
A000682,30,21,25541,15513,44,13
A000682,30,20,50117,29857,42,14
A000682,30,19,92913,54778,40,16
A000682,30,18,168843,96609,38,17
A000682,30,17,280349,155380,36,19
A000682,30,16,439394,232988,34,21
A000682,30,15,621359,316779,32,22
A000682,30,14,798513,385448,30,24
A000682,30,13,876756,387059,28,26
A000682,30,12,751023,277197,26,27
A000682,30,11,432710,115139,24,29
A000682,30,10,158370,33536,22,31
A000682,30,9,46181,9823,20,32
A000682,30,8,13623,2950,18,34
A000682,30,7,4087,895,16,36
A000682,30,6,1254,286,14,38
A000682,30,5,392,90,12,39
A000682,30,4,125,32,10,41
A000682,30,3,40,10,8,42
A000682,30,2,12,4,6,44
A000682,30,1,3,1,4,44
A000682,31,31,0,17,68,1
A000682,31,30,45,45,62,1
A000682,31,29,154,97,60,2
A000682,31,28,330,208,58,3
A000682,31,27,692,462,56,5
A000682,31,26,1572,962,54,6
A000682,31,25,3179,2024,52,8
A000682,31,24,6789,4188,50,9
A000682,31,23,13717,8403,48,11
A000682,31,22,27665,16938,46,13
A000682,31,21,54363,32417,44,14
A000682,31,20,103713,61929,42,16
A000682,31,19,190716,109888,40,17
A000682,31,18,332563,188764,38,19
A000682,31,17,539352,291640,36,21
A000682,31,16,809394,424058,34,22
A000682,31,15,1113810,557714,32,24
A000682,31,14,1362571,641766,30,26
A000682,31,13,1388349,582147,28,27
A000682,31,12,1042754,345577,26,29
A000682,31,11,500370,115907,24,31
A000682,31,10,159137,33536,22,32
A000682,31,9,46181,9823,20,34
A000682,31,8,13623,2950,18,36
A000682,31,7,4087,895,16,38
A000682,31,6,1254,286,14,39
A000682,31,5,392,90,12,41
A000682,31,4,125,32,10,43
A000682,31,3,40,10,8,44
A000682,31,2,12,4,6,45
A000682,31,1,3,1,4,46
A000682,32,32,0,18,70,1
A000682,32,31,46,46,64,1
A000682,32,30,161,101,62,2
A000682,32,29,338,213,60,3
A000682,32,28,723,485,58,5
A000682,32,27,1628,994,56,6
A000682,32,26,3343,2141,54,8
A000682,32,25,7106,4376,52,9
A000682,32,24,14587,8995,50,11
A000682,32,23,29370,17974,48,13
A000682,32,22,58886,35420,46,14
A000682,32,21,112702,67436,44,16
A000682,32,20,213832,125042,42,17
A000682,32,19,378801,216991,40,19
A000682,32,18,644901,357068,38,21
A000682,32,17,1003146,535485,36,22
A000682,32,16,1457001,748586,34,24
A000682,32,15,1915119,939680,32,26
A000682,32,14,2202762,1000525,30,27
A000682,32,13,2030967,793970,28,29
A000682,32,12,1312481,385680,26,31
A000682,32,11,535497,115907,24,32
A000682,32,10,159137,33536,22,34
A000682,32,9,46181,9823,20,36
A000682,32,8,13623,2950,18,38
A000682,32,7,4087,895,16,39
A000682,32,6,1254,286,14,41
A000682,32,5,392,90,12,43
A000682,32,4,125,32,10,44
A000682,32,3,40,10,8,46
A000682,32,2,12,4,6,47
A000682,32,1,3,1,4,47
A000682,33,33,0,18,72,1
A000682,33,32,48,48,66,1
A000682,33,31,165,104,64,2
A000682,33,30,355,224,62,3
A000682,33,29,749,501,60,5
A000682,33,28,1712,1050,58,6
A000682,33,27,3492,2230,56,8
A000682,33,26,7525,4659,54,9
A000682,33,25,15395,9478,52,11
A000682,33,24,31494,19399,50,13
A000682,33,23,63132,37980,48,14
A000682,33,22,123504,74589,46,16
A000682,33,21,235747,138361,44,17
A000682,33,20,433035,252319,42,19
A000682,33,19,753455,422538,40,21
A000682,33,18,1232751,673266,38,22
A000682,33,17,1871038,983050,36,24
A000682,33,16,2626659,1332136,34,26
A000682,33,15,3319434,1593398,32,27
A000682,33,14,3570650,1552529,30,29
A000682,33,13,2933353,1051296,28,31
A000682,33,12,1598645,405394,26,32
A000682,33,11,554445,115907,24,34
A000682,33,10,159137,33536,22,36
A000682,33,9,46181,9823,20,38
A000682,33,8,13623,2950,18,39
A000682,33,7,4087,895,16,41
A000682,33,6,1254,286,14,43
A000682,33,5,392,90,12,44
A000682,33,4,125,32,10,46
A000682,33,3,40,10,8,48
A000682,33,2,12,4,6,49
A000682,33,1,3,1,4,49
A000682,34,34,0,19,74,1
A000682,34,33,49,49,68,1
A000682,34,32,172,108,66,2
A000682,34,31,363,229,64,3
A000682,34,30,780,524,62,5
A000682,34,29,1768,1082,60,6
A000682,34,28,3656,2347,58,8
A000682,34,27,7842,4847,56,9
A000682,34,26,16265,10070,54,11
A000682,34,25,33199,20435,52,13
A000682,34,24,67655,40983,50,14
A000682,34,23,132493,80096,48,16
A000682,34,22,258905,153557,46,17
A000682,34,21,479697,280930,44,19
A000682,34,20,867568,495840,42,21
A000682,34,19,1455199,805983,40,22
A000682,34,18,2311329,1238978,38,24
A000682,34,17,3390891,1757432,36,26
A000682,34,16,4580341,2279954,34,27
A000682,34,15,5477009,2546032,32,29
A000682,34,14,5387332,2213989,30,31
A000682,34,13,3871817,1243553,28,32
A000682,34,12,1783151,406417,26,34
A000682,34,11,555468,115907,24,36
A000682,34,10,159137,33536,22,38
A000682,34,9,46181,9823,20,39
A000682,34,8,13623,2950,18,41
A000682,34,7,4087,895,16,43
A000682,34,6,1254,286,14,44
A000682,34,5,392,90,12,46
A000682,34,4,125,32,10,48
A000682,34,3,40,10,8,49
A000682,34,2,12,4,6,50
A000682,34,1,3,1,4,51
A000682,35,35,0,19,76,1
A000682,35,34,51,51,70,1
A000682,35,33,176,111,68,2
A000682,35,32,380,240,66,3
A000682,35,31,806,540,64,5
A000682,35,30,1852,1138,62,6
A000682,35,29,3805,2436,60,8
A000682,35,28,8261,5130,58,9
A000682,35,27,17073,10553,56,11
A000682,35,26,35323,21860,54,13
A000682,35,25,71901,43543,52,14
A000682,35,24,143295,87249,50,16
A000682,35,23,280822,166878,48,17
A000682,35,22,534355,316678,46,19
A000682,35,21,978874,563674,44,21
A000682,35,20,1713264,968216,42,22
A000682,35,19,2805336,1528776,40,24
A000682,35,18,4319575,2287668,38,26
A000682,35,17,6173318,3162486,36,27
A000682,35,16,8040691,3921211,34,29
A000682,35,15,9052952,4066968,32,31
A000682,35,14,8074634,3077718,30,32
A000682,35,13,4947978,1393068,28,34
A000682,35,12,1916024,406418,26,36
A000682,35,11,555469,115907,24,38
A000682,35,10,159137,33536,22,39
A000682,35,9,46181,9823,20,41
A000682,35,8,13623,2950,18,43
A000682,35,7,4087,895,16,44
A000682,35,6,1254,286,14,46
A000682,35,5,392,90,12,48
A000682,35,4,125,32,10,49
A000682,35,3,40,10,8,51
A000682,35,2,12,4,6,52
A000682,35,1,3,1,4,53
A000682,36,36,0,20,78,1
A000682,36,35,52,52,72,1
A000682,36,34,183,115,70,2
A000682,36,33,388,245,68,3
A000682,36,32,837,563,66,5
A000682,36,31,1908,1170,64,6
A000682,36,30,3969,2553,62,8
A000682,36,29,8578,5318,60,9
A000682,36,28,17943,11145,58,11
A000682,36,27,37028,22896,56,13
A000682,36,26,76424,46546,54,14
A000682,36,25,152284,92756,52,16
A000682,36,24,303982,182076,50,17
A000682,36,23,581063,345333,48,19
A000682,36,22,1095737,639642,46,21
A000682,36,21,1948698,1111477,44,22
A000682,36,20,3324541,1846568,42,24
A000682,36,19,5281405,2841020,40,26
A000682,36,18,7892629,4127242,38,27
A000682,36,17,10900076,5485678,36,29
A000682,36,16,13487427,6413539,34,31
A000682,36,15,14076760,6009119,32,32
A000682,36,14,11088900,3865629,30,34
A000682,36,13,5797537,1436365,28,36
A000682,36,12,1958298,406418,26,38
A000682,36,11,555469,115907,24,39
A000682,36,10,159137,33536,22,41
A000682,36,9,46181,9823,20,43
A000682,36,8,13623,2950,18,44
A000682,36,7,4087,895,16,46
A000682,36,6,1254,286,14,48
A000682,36,5,392,90,12,50
A000682,36,4,125,32,10,51
A000682,36,3,40,10,8,53
A000682,36,2,12,4,6,54
A000682,36,1,3,1,4,54
A000682,37,37,0,20,80,1
A000682,37,36,54,54,74,1
A000682,37,35,187,118,72,2
A000682,37,34,405,256,70,3
A000682,37,33,863,579,68,5
A000682,37,32,1992,1226,66,6
A000682,37,31,4118,2642,64,8
A000682,37,30,8997,5601,62,9
A000682,37,29,18751,11628,60,11
A000682,37,28,39152,24321,58,13
A000682,37,27,80670,49106,56,14
A000682,37,26,163086,99909,54,16
A000682,37,25,325899,195397,52,17
A000682,37,24,635767,381127,50,19
A000682,37,23,1207553,707942,48,21
A000682,37,22,2219713,1285814,46,22
A000682,37,21,3866456,2173000,44,24
A000682,37,20,6404525,3508524,42,26
A000682,37,19,9938076,5292602,40,27
A000682,37,18,14483567,7482062,38,29
A000682,37,17,19330045,9580429,36,31
A000682,37,16,22742215,10469002,34,32
A000682,37,15,21703962,8741927,32,34
A000682,37,14,14900810,4608679,30,36
A000682,37,13,6495557,1439437,28,38
A000682,37,12,1961369,406418,26,39
A000682,37,11,555469,115907,24,41
A000682,37,10,159137,33536,22,43
A000682,37,9,46181,9823,20,44
A000682,37,8,13623,2950,18,46
A000682,37,7,4087,895,16,48
A000682,37,6,1254,286,14,50
A000682,37,5,392,90,12,51
A000682,37,4,125,32,10,53
A000682,37,3,40,10,8,54
A000682,37,2,12,4,6,56
A000682,37,1,3,1,4,56
A000682,38,38,0,21,82,1
A000682,38,37,55,55,76,1
A000682,38,36,194,122,74,2
A000682,38,35,413,261,72,3
A000682,38,34,894,602,70,5
A000682,38,33,2048,1258,68,6
A000682,38,32,4282,2759,66,8
A000682,38,31,9314,5789,64,9
A000682,38,30,19621,12220,62,11
A000682,38,29,40857,25357,60,13
A000682,38,28,85193,52109,58,14
A000682,38,27,172075,105416,56,16
A000682,38,26,349059,210595,54,17
A000682,38,25,682477,409784,52,19
A000682,38,24,1324926,784416,50,21
A000682,38,23,2458789,1432247,48,22
A000682,38,22,4433267,2532936,46,24
A000682,38,21,7512109,4166576,44,26
A000682,38,20,12103327,6549908,42,27
A000682,38,19,18313082,9630981,40,29
A000682,38,18,25810004,13156464,38,31
A000682,38,17,33004715,15951059,36,32
A000682,38,16,36166618,16003046,34,34
A000682,38,15,31051366,11543299,32,36
A000682,38,14,18240006,5005157,30,38
A000682,38,13,6852832,1439437,28,39
A000682,38,12,1961369,406418,26,41
A000682,38,11,555469,115907,24,43
A000682,38,10,159137,33536,22,44
A000682,38,9,46181,9823,20,46
A000682,38,8,13623,2950,18,48
A000682,38,7,4087,895,16,50
A000682,38,6,1254,286,14,51
A000682,38,5,392,90,12,53
A000682,38,4,125,32,10,55
A000682,38,3,40,10,8,56
A000682,38,2,12,4,6,57
A000682,38,1,3,1,4,58
A000682,39,39,0,21,84,1
A000682,39,38,57,57,78,1
A000682,39,37,198,125,76,2
A000682,39,36,430,272,74,3
A000682,39,35,920,618,72,5
A000682,39,34,2132,1314,70,6
A000682,39,33,4431,2848,68,8
A000682,39,32,9733,6072,66,9
A000682,39,31,20429,12703,64,11
A000682,39,30,42981,26782,62,13
A000682,39,29,89439,54669,60,14
A000682,39,28,182877,112569,58,16
A000682,39,27,370976,223916,56,17
A000682,39,26,737183,445580,54,19
A000682,39,25,1436792,852764,52,21
A000682,39,24,2733444,1610132,50,22
A000682,39,23,4994096,2875024,48,24
A000682,39,22,8779423,4952688,46,26
A000682,39,21,14532802,7974228,44,27
A000682,39,20,22886195,12248605,42,29
A000682,39,19,33811401,17635953,40,31
A000682,39,18,46318997,23218716,38,32
A000682,39,17,56431443,26617330,36,34
A000682,39,16,57413054,24108717,34,36
A000682,39,15,43415133,14664097,32,38
A000682,39,14,21545392,5143192,30,39
A000682,39,13,6987797,1439437,28,41
A000682,39,12,1961369,406418,26,43
A000682,39,11,555469,115907,24,44
A000682,39,10,159137,33536,22,46
A000682,39,9,46181,9823,20,48
A000682,39,8,13623,2950,18,50
A000682,39,7,4087,895,16,51
A000682,39,6,1254,286,14,53
A000682,39,5,392,90,12,55
A000682,39,4,125,32,10,56
A000682,39,3,40,10,8,58
A000682,39,2,12,4,6,59
A000682,39,1,3,1,4,60
A000682,40,40,0,22,86,1
A000682,40,39,58,58,80,1
A000682,40,38,205,129,78,2
A000682,40,37,438,277,76,3
A000682,40,36,951,641,74,5
A000682,40,35,2188,1346,72,6
A000682,40,34,4595,2965,70,8
A000682,40,33,10050,6260,68,9
A000682,40,32,21299,13295,66,11
A000682,40,31,44686,27818,64,13
A000682,40,30,93962,57672,62,14
A000682,40,29,191866,118076,60,16
A000682,40,28,394136,239114,58,17
A000682,40,27,783893,474237,56,19
A000682,40,26,1554215,929288,54,21
A000682,40,25,2973124,1757121,52,22
A000682,40,24,5579781,3252816,50,24
A000682,40,23,9963639,5670826,48,26
A000682,40,22,17076571,9515724,46,27
A000682,40,21,27635220,14985172,44,29
A000682,40,20,42386326,22482664,42,31
A000682,40,19,60954311,31323643,40,32
A000682,40,18,80046981,39377283,38,34
A000682,40,17,91925448,41771189,36,36
A000682,40,16,84766101,33402457,34,38
A000682,40,15,55825149,16805531,32,39
A000682,40,14,23520848,5147287,30,41
A000682,40,13,6991892,1439437,28,43
A000682,40,12,1961369,406418,26,44
A000682,40,11,555469,115907,24,46
A000682,40,10,159137,33536,22,48
A000682,40,9,46181,9823,20,50
A000682,40,8,13623,2950,18,51
A000682,40,7,4087,895,16,53
A000682,40,6,1254,286,14,55
A000682,40,5,392,90,12,56
A000682,40,4,125,32,10,58
A000682,40,3,40,10,8,60
A000682,40,2,12,4,6,61
A000682,40,1,3,1,4,61
A000682,41,41,0,22,88,1
A000682,41,40,60,60,82,1
A000682,41,39,209,132,80,2
A000682,41,38,455,288,78,3
A000682,41,37,977,657,76,5
A000682,41,36,2272,1402,74,6
A000682,41,35,4744,3054,72,8
A000682,41,34,10469,6543,70,9
A000682,41,33,22107,13778,68,11
A000682,41,32,46810,29243,66,13
A000682,41,31,98208,60232,64,14
A000682,41,30,202668,125229,62,16
A000682,41,29,416053,252435,60,17
A000682,41,28,838599,510033,58,19
A000682,41,27,1666083,997638,56,21
A000682,41,26,3248383,1935606,54,22
A000682,41,25,6145318,3599052,52,24
A000682,41,24,11307209,6525956,50,26
A000682,41,23,19760568,11128554,48,27
A000682,41,22,33113935,18223012,46,29
A000682,41,21,52462559,28250921,44,31
A000682,41,20,78893438,41405721,42,32
A000682,41,19,110205666,55974868,40,34
A000682,41,18,139092963,66780448,38,36
A000682,41,17,149051875,65038713,36,38
A000682,41,16,123426818,44705123,34,39
A000682,41,15,69060258,18230922,32,41
A000682,41,14,24820492,5147288,30,43
A000682,41,13,6991893,1439437,28,44
A000682,41,12,1961369,406418,26,46
A000682,41,11,555469,115907,24,48
A000682,41,10,159137,33536,22,50
A000682,41,9,46181,9823,20,51
A000682,41,8,13623,2950,18,53
A000682,41,7,4087,895,16,55
A000682,41,6,1254,286,14,56
A000682,41,5,392,90,12,58
A000682,41,4,125,32,10,60
A000682,41,3,40,10,8,61
A000682,41,2,12,4,6,63
A000682,41,1,3,1,4,63
A000682,42,42,0,23,90,1
A000682,42,41,61,61,84,1
A000682,42,40,216,136,82,2
A000682,42,39,463,293,80,3
A000682,42,38,1008,680,78,5
A000682,42,37,2328,1434,76,6
A000682,42,36,4908,3171,74,8
A000682,42,35,10786,6731,72,9
A000682,42,34,22977,14370,70,11
A000682,42,33,48515,30279,68,13
A000682,42,32,102731,63235,66,14
A000682,42,31,211657,130736,64,16
A000682,42,30,439213,267633,62,17
A000682,42,29,885309,538690,60,19
A000682,42,28,1783508,1074164,58,21
A000682,42,27,3488117,2082647,56,22
A000682,42,26,6735709,3981450,54,24
A000682,42,25,12518133,7266560,52,26
A000682,42,24,22556659,12885048,50,27
A000682,42,23,38585142,21464271,48,29
A000682,42,22,63087090,34419990,46,31
A000682,42,21,97976010,52193290,44,32
A000682,42,20,143205206,74378743,42,34
A000682,42,19,193254057,96248436,40,36
A000682,42,18,230532979,107506889,38,38
A000682,42,17,227278875,93671786,36,39
A000682,42,16,165270633,54353742,34,41
A000682,42,15,79044654,18536446,32,43
A000682,42,14,25121921,5147288,30,44
A000682,42,13,6991893,1439437,28,46
A000682,42,12,1961369,406418,26,48
A000682,42,11,555469,115907,24,50
A000682,42,10,159137,33536,22,51
A000682,42,9,46181,9823,20,53
A000682,42,8,13623,2950,18,55
A000682,42,7,4087,895,16,57
A000682,42,6,1254,286,14,58
A000682,42,5,392,90,12,60
A000682,42,4,125,32,10,62
A000682,42,3,40,10,8,63
A000682,42,2,12,4,6,64
A000682,42,1,3,1,4,65
A000682,43,43,0,23,92,1
A000682,43,42,63,63,86,1
A000682,43,41,220,139,84,2
A000682,43,40,480,304,82,3
A000682,43,39,1034,696,80,5
A000682,43,38,2412,1490,78,6
A000682,43,37,5057,3260,76,8
A000682,43,36,11205,7014,74,9
A000682,43,35,23785,14853,72,11
A000682,43,34,50639,31704,70,13
A000682,43,33,106977,65795,68,14
A000682,43,32,222459,137889,66,16
A000682,43,31,461130,280954,64,17
A000682,43,30,940015,574486,62,19
A000682,43,29,1895376,1142514,60,21
A000682,43,28,3763430,2261186,58,22
A000682,43,27,7301952,4328340,56,24
A000682,43,26,13888367,8147148,54,26
A000682,43,25,25358758,14592448,52,27
A000682,43,24,44777107,25265325,50,29
A000682,43,23,74987273,41393035,48,31
A000682,43,22,120433195,65089828,46,32
A000682,43,21,183181758,96943639,44,34
A000682,43,20,261558161,134044081,42,36
A000682,43,19,339476211,165982204,40,38
A000682,43,18,382193208,171738576,38,39
A000682,43,17,341554878,131613198,36,41
A000682,43,16,215010918,62497459,34,43
A000682,43,15,86490799,18548734,32,44
A000682,43,14,25134208,5147288,30,46
A000682,43,13,6991893,1439437,28,48
A000682,43,12,1961369,406418,26,50
A000682,43,11,555469,115907,24,51
A000682,43,10,159137,33536,22,53
A000682,43,9,46181,9823,20,55
A000682,43,8,13623,2950,18,57
A000682,43,7,4087,895,16,58
A000682,43,6,1254,286,14,60
A000682,43,5,392,90,12,62
A000682,43,4,125,32,10,63
A000682,43,3,40,10,8,65
A000682,43,2,12,4,6,66
A000682,43,1,3,1,4,67
A000682,44,44,0,24,94,1
A000682,44,43,64,64,88,1
A000682,44,42,227,143,86,2
A000682,44,41,488,309,84,3
A000682,44,40,1065,719,82,5
A000682,44,39,2468,1522,80,6
A000682,44,38,5221,3377,78,8
A000682,44,37,11522,7202,76,9
A000682,44,36,24655,15445,74,11
A000682,44,35,52344,32740,72,13
A000682,44,34,111500,68798,70,14
A000682,44,33,231448,143396,68,16
A000682,44,32,484290,296152,66,17
A000682,44,31,986725,603143,64,19
A000682,44,30,2012801,1219040,62,21
A000682,44,29,4003166,2408229,60,22
A000682,44,28,7893049,4711440,58,24
A000682,44,27,15105257,8893060,56,26
A000682,44,26,28272493,16457220,54,27
A000682,44,25,50675012,28830922,52,29
A000682,44,24,87409266,48862572,50,31
A000682,44,23,143780447,78574285,48,32
A000682,44,22,225769164,121160468,46,34
A000682,44,21,335799577,175572763,44,36
A000682,44,20,463126519,233833732,42,38
A000682,44,19,573255983,272636523,40,39
A000682,44,18,597548359,256427264,38,41
A000682,44,17,476691712,168558175,36,43
A000682,44,16,256927790,66334929,34,44
A000682,44,15,90039127,18548734,32,46
A000682,44,14,25134208,5147288,30,48
A000682,44,13,6991893,1439437,28,50
A000682,44,12,1961369,406418,26,51
A000682,44,11,555469,115907,24,53
A000682,44,10,159137,33536,22,55
A000682,44,9,46181,9823,20,57
A000682,44,8,13623,2950,18,58
A000682,44,7,4087,895,16,60
A000682,44,6,1254,286,14,62
A000682,44,5,392,90,12,63
A000682,44,4,125,32,10,65
A000682,44,3,40,10,8,67
A000682,44,2,12,4,6,68
A000682,44,1,3,1,4,68
A005316,2,2,0,1,5,1
A005316,2,1,1,1,4,1
A005316,3,3,0,1,4,1
A005316,3,2,3,3,6,1
A005316,3,1,2,1,4,2
A005316,4,4,0,1,5,1
A005316,4,3,2,2,7,1
A005316,4,2,4,4,6,1
A005316,4,1,3,1,4,2
A005316,5,5,0,1,4,1
A005316,5,4,3,3,6,1
A005316,5,3,7,6,8,2
A005316,5,2,9,4,6,3
A005316,5,1,3,1,4,4
A005316,6,6,0,1,5,1
A005316,6,5,2,2,7,1
A005316,6,4,6,6,9,1
A005316,6,3,13,8,8,2
A005316,6,2,10,4,6,3
A005316,6,1,3,1,4,4
A005316,7,7,0,1,4,1
A005316,7,6,3,3,6,1
A005316,7,5,7,6,8,2
A005316,7,4,20,15,10,3
A005316,7,3,23,10,8,4
A005316,7,2,12,4,6,5
A005316,7,1,3,1,4,6
A005316,8,8,0,1,5,1
A005316,8,7,2,2,7,1
A005316,8,6,6,6,9,1
A005316,8,5,16,11,11,2
A005316,8,4,31,21,10,3
A005316,8,3,30,10,8,5
A005316,8,2,12,4,6,6
A005316,8,1,3,1,4,7
A005316,9,9,0,1,4,1
A005316,9,8,3,3,6,1
A005316,9,7,7,6,8,2
A005316,9,6,20,15,10,3
A005316,9,5,42,29,12,4
A005316,9,4,61,28,10,5
A005316,9,3,36,10,8,6
A005316,9,2,12,4,6,8
A005316,9,1,3,1,4,9
A005316,10,10,0,1,5,1
A005316,10,9,2,2,7,1
A005316,10,8,6,6,9,1
A005316,10,7,16,11,11,2
A005316,10,6,37,27,13,3
A005316,10,5,71,42,12,5
A005316,10,4,77,30,10,6
A005316,10,3,38,10,8,7
A005316,10,2,12,4,6,9
A005316,10,1,3,1,4,10
A005316,11,11,0,1,4,1
A005316,11,10,3,3,6,1
A005316,11,9,7,6,8,2
A005316,11,8,20,15,10,3
A005316,11,7,42,29,12,4
A005316,11,6,100,67,14,5
A005316,11,5,138,65,12,6
A005316,11,4,104,32,10,8
A005316,11,3,40,10,8,9
A005316,11,2,12,4,6,10
A005316,11,1,3,1,4,11
A005316,12,12,0,1,5,1
A005316,12,11,2,2,7,1
A005316,12,10,6,6,9,1
A005316,12,9,16,11,11,2
A005316,12,8,37,27,13,3
A005316,12,7,81,52,15,5
A005316,12,6,160,99,14,6
A005316,12,5,188,75,12,7
A005316,12,4,112,32,10,9
A005316,12,3,40,10,8,10
A005316,12,2,12,4,6,11
A005316,12,1,3,1,4,12
A005316,13,13,0,1,4,1
A005316,13,12,3,3,6,1
A005316,13,11,7,6,8,2
A005316,13,10,20,15,10,3
A005316,13,9,42,29,12,4
A005316,13,8,100,67,14,5
A005316,13,7,207,134,16,6
A005316,13,6,329,160,14,8
A005316,13,5,271,90,12,9
A005316,13,4,125,32,10,10
A005316,13,3,40,10,8,12
A005316,13,2,12,4,6,13
A005316,13,1,3,1,4,14
A005316,14,14,0,1,5,1
A005316,14,13,2,2,7,1
A005316,14,12,6,6,9,1
A005316,14,11,16,11,11,2
A005316,14,10,37,27,13,3
A005316,14,9,81,52,15,5
A005316,14,8,180,119,17,6
A005316,14,7,347,204,16,7
A005316,14,6,451,196,14,9
A005316,14,5,306,90,12,10
A005316,14,4,125,32,10,11
A005316,14,3,40,10,8,13
A005316,14,2,12,4,6,14
A005316,14,1,3,1,4,15
A005316,15,15,0,1,4,1
A005316,15,14,3,3,6,1
A005316,15,13,7,6,8,2
A005316,15,12,20,15,10,3
A005316,15,11,42,29,12,4
A005316,15,10,100,67,14,5
A005316,15,9,207,134,16,6
A005316,15,8,468,299,18,8
A005316,15,7,723,363,16,9
A005316,15,6,708,261,14,10
A005316,15,5,367,90,12,12
A005316,15,4,125,32,10,13
A005316,15,3,40,10,8,15
A005316,15,2,12,4,6,16
A005316,15,1,3,1,4,17
A005316,16,16,0,1,5,1
A005316,16,15,2,2,7,1
A005316,16,14,6,6,9,1
A005316,16,13,16,11,11,2
A005316,16,12,37,27,13,3
A005316,16,11,81,52,15,5
A005316,16,10,180,119,17,6
A005316,16,9,382,239,19,7
A005316,16,8,766,461,18,9
A005316,16,7,1042,472,16,10
A005316,16,6,834,271,14,11
A005316,16,5,377,90,12,13
A005316,16,4,125,32,10,14
A005316,16,3,40,10,8,16
A005316,16,2,12,4,6,18
A005316,16,1,3,1,4,18
A005316,17,17,0,1,4,1
A005316,17,16,3,3,6,1
A005316,17,15,7,6,8,2
A005316,17,14,20,15,10,3
A005316,17,13,42,29,12,4
A005316,17,12,100,67,14,5
A005316,17,11,207,134,16,6
A005316,17,10,468,299,18,8
A005316,17,9,974,614,20,9
A005316,17,8,1653,845,18,10
A005316,17,7,1739,699,16,12
A005316,17,6,1083,286,14,13
A005316,17,5,392,90,12,15
A005316,17,4,125,32,10,16
A005316,17,3,40,10,8,18
A005316,17,2,12,4,6,19
A005316,17,1,3,1,4,20
A005316,18,18,0,1,5,1
A005316,18,17,2,2,7,1
A005316,18,16,6,6,9,1
A005316,18,15,16,11,11,2
A005316,18,14,37,27,13,3
A005316,18,13,81,52,15,5
A005316,18,12,180,119,17,6
A005316,18,11,382,239,19,7
A005316,18,10,836,531,21,9
A005316,18,9,1643,968,20,10
A005316,18,8,2409,1144,18,11
A005316,18,7,2148,769,16,13
A005316,18,6,1143,286,14,14
A005316,18,5,392,90,12,16
A005316,18,4,125,32,10,18
A005316,18,3,40,10,8,19
A005316,18,2,12,4,6,21
A005316,18,1,3,1,4,22
A005316,19,19,0,1,4,1
A005316,19,18,3,3,6,1
A005316,19,17,7,6,8,2
A005316,19,16,20,15,10,3
A005316,19,15,42,29,12,4
A005316,19,14,100,67,14,5
A005316,19,13,207,134,16,6
A005316,19,12,468,299,18,8
A005316,19,11,974,614,20,9
A005316,19,10,2156,1348,22,10
A005316,19,9,3599,1890,20,12
A005316,19,8,4267,1830,18,13
A005316,19,7,3023,895,16,15
A005316,19,6,1254,286,14,16
A005316,19,5,392,90,12,18
A005316,19,4,125,32,10,19
A005316,19,3,40,10,8,21
A005316,19,2,12,4,6,23
A005316,19,1,3,1,4,23
A005316,20,20,0,1,5,1
A005316,20,19,2,2,7,1
A005316,20,18,6,6,9,1
A005316,20,17,16,11,11,2
A005316,20,16,37,27,13,3
A005316,20,15,81,52,15,5
A005316,20,14,180,119,17,6
A005316,20,13,382,239,19,7
A005316,20,12,836,531,21,9
A005316,20,11,1769,1094,23,10
A005316,20,10,3592,2145,22,11
A005316,20,9,5428,2664,20,13
A005316,20,8,5494,2135,18,14
A005316,20,7,3311,895,16,16
A005316,20,6,1254,286,14,18
A005316,20,5,392,90,12,19
A005316,20,4,125,32,10,21
A005316,20,3,40,10,8,22
A005316,20,2,12,4,6,24
A005316,20,1,3,1,4,25
A005316,21,21,0,1,4,1
A005316,21,20,3,3,6,1
A005316,21,19,7,6,8,2
A005316,21,18,20,15,10,3
A005316,21,17,42,29,12,4
A005316,21,16,100,67,14,5
A005316,21,15,207,134,16,6
A005316,21,14,468,299,18,8
A005316,21,13,974,614,20,9
A005316,21,12,2156,1348,22,10
A005316,21,11,4522,2813,24,12
A005316,21,10,8056,4278,22,13
A005316,21,9,10072,4579,20,15
A005316,21,8,8323,2754,18,16
A005316,21,7,3891,895,16,18
A005316,21,6,1254,286,14,19
A005316,21,5,392,90,12,21
A005316,21,4,125,32,10,23
A005316,21,3,40,10,8,24
A005316,21,2,12,4,6,26
A005316,21,1,3,1,4,27
A005316,22,22,0,1,5,1
A005316,22,21,2,2,7,1
A005316,22,20,6,6,9,1
A005316,22,19,16,11,11,2
A005316,22,18,37,27,13,3
A005316,22,17,81,52,15,5
A005316,22,16,180,119,17,6
A005316,22,15,382,239,19,7
A005316,22,14,836,531,21,9
A005316,22,13,1769,1094,23,10
A005316,22,12,3844,2397,25,11
A005316,22,11,7692,4550,24,13
A005316,22,10,12271,6195,22,14
A005316,22,9,13497,5657,20,16
A005316,22,8,9502,2824,18,18
A005316,22,7,3961,895,16,19
A005316,22,6,1254,286,14,21
A005316,22,5,392,90,12,22
A005316,22,4,125,32,10,24
A005316,22,3,40,10,8,26
A005316,22,2,12,4,6,27
A005316,22,1,3,1,4,28
A005316,23,23,0,1,4,1
A005316,23,22,3,3,6,1
A005316,23,21,7,6,8,2
A005316,23,20,20,15,10,3
A005316,23,19,42,29,12,4
A005316,23,18,100,67,14,5
A005316,23,17,207,134,16,6
A005316,23,16,468,299,18,8
A005316,23,15,974,614,20,9
A005316,23,14,2156,1348,22,10
A005316,23,13,4522,2813,24,12
A005316,23,12,9903,6125,26,13
A005316,23,11,17472,9474,24,15
A005316,23,10,23726,11215,22,16
A005316,23,9,21880,8059,20,18
A005316,23,8,12055,2950,18,19
A005316,23,7,4087,895,16,21
A005316,23,6,1254,286,14,23
A005316,23,5,392,90,12,24
A005316,23,4,125,32,10,26
A005316,23,3,40,10,8,27
A005316,23,2,12,4,6,29
A005316,23,1,3,1,4,30
A005316,24,24,0,1,5,1
A005316,24,23,2,2,7,1
A005316,24,22,6,6,9,1
A005316,24,21,16,11,11,2
A005316,24,20,37,27,13,3
A005316,24,19,81,52,15,5
A005316,24,18,180,119,17,6
A005316,24,17,382,239,19,7
A005316,24,16,836,531,21,9
A005316,24,15,1769,1094,23,10
A005316,24,14,3844,2397,25,11
A005316,24,13,8154,5012,27,13
A005316,24,12,16726,9978,26,14
A005316,24,11,27264,14099,24,16
A005316,24,10,32863,14533,22,18
A005316,24,9,26078,8647,20,19
A005316,24,8,12573,2950,18,21
A005316,24,7,4087,895,16,22
A005316,24,6,1254,286,14,24
A005316,24,5,392,90,12,26
A005316,24,4,125,32,10,27
A005316,24,3,40,10,8,29
A005316,24,2,12,4,6,30
A005316,24,1,3,1,4,31
A005316,25,25,0,1,4,1
A005316,25,24,3,3,6,1
A005316,25,23,7,6,8,2
A005316,25,22,20,15,10,3
A005316,25,21,42,29,12,4
A005316,25,20,100,67,14,5
A005316,25,19,207,134,16,6
A005316,25,18,468,299,18,8
A005316,25,17,974,614,20,9
A005316,25,16,2156,1348,22,10
A005316,25,15,4522,2813,24,12
A005316,25,14,9903,6125,26,13
A005316,25,13,20903,12905,28,15
A005316,25,12,38631,21107,26,16
A005316,25,11,54528,26770,24,18
A005316,25,10,56405,22496,22,19
A005316,25,9,35729,9823,20,21
A005316,25,8,13623,2950,18,23
A005316,25,7,4087,895,16,24
A005316,25,6,1254,286,14,26
A005316,25,5,392,90,12,27
A005316,25,4,125,32,10,29
A005316,25,3,40,10,8,30
A005316,25,2,12,4,6,32
A005316,25,1,3,1,4,33
A005316,26,26,0,1,5,1
A005316,26,25,2,2,7,1
A005316,26,24,6,6,9,1
A005316,26,23,16,11,11,2
A005316,26,22,37,27,13,3
A005316,26,21,81,52,15,5
A005316,26,20,180,119,17,6
A005316,26,19,382,239,19,7
A005316,26,18,836,531,21,9
A005316,26,17,1769,1094,23,10
A005316,26,16,3844,2397,25,11
A005316,26,15,8154,5012,27,13
A005316,26,14,17650,10902,29,14
A005316,26,13,35832,21281,28,16
A005316,26,12,60768,32006,26,18
A005316,26,11,77851,36190,24,19
A005316,26,10,70133,25422,22,21
A005316,26,9,38473,9823,20,22
A005316,26,8,13623,2950,18,24
A005316,26,7,4087,895,16,26
A005316,26,6,1254,286,14,27
A005316,26,5,392,90,12,29
A005316,26,4,125,32,10,30
A005316,26,3,40,10,8,32
A005316,26,2,12,4,6,34
A005316,26,1,3,1,4,34
A005316,27,27,0,1,4,1
A005316,27,26,3,3,6,1
A005316,27,25,7,6,8,2
A005316,27,24,20,15,10,3
A005316,27,23,42,29,12,4
A005316,27,22,100,67,14,5
A005316,27,21,207,134,16,6
A005316,27,20,468,299,18,8
A005316,27,19,974,614,20,9
A005316,27,18,2156,1348,22,10
A005316,27,17,4522,2813,24,12
A005316,27,16,9903,6125,26,13
A005316,27,15,20903,12905,28,15
A005316,27,14,45494,27970,30,16
A005316,27,13,83606,46413,28,18
A005316,27,12,125113,62958,26,19
A005316,27,11,140580,60170,24,21
A005316,27,10,103352,31772,22,23
A005316,27,9,44417,9823,20,24
A005316,27,8,13623,2950,18,26
A005316,27,7,4087,895,16,27
A005316,27,6,1254,286,14,29
A005316,27,5,392,90,12,30
A005316,27,4,125,32,10,32
A005316,27,3,40,10,8,34
A005316,27,2,12,4,6,36
A005316,27,1,3,1,4,36
A005316,28,28,0,1,5,1
A005316,28,27,2,2,7,1
A005316,28,26,6,6,9,1
A005316,28,25,16,11,11,2
A005316,28,24,37,27,13,3
A005316,28,23,81,52,15,5
A005316,28,22,180,119,17,6
A005316,28,21,382,239,19,7
A005316,28,20,836,531,21,9
A005316,28,19,1769,1094,23,10
A005316,28,18,3844,2397,25,11
A005316,28,17,8154,5012,27,13
A005316,28,16,17650,10902,29,14
A005316,28,15,37548,22997,31,16
A005316,28,14,77653,46383,30,18
A005316,28,13,133841,71743,28,19
A005316,28,12,183064,88066,26,21
A005316,28,11,181838,71702,24,22
A005316,28,10,115570,32360,22,24
A005316,28,9,45005,9823,20,26
A005316,28,8,13623,2950,18,27
A005316,28,7,4087,895,16,29
A005316,28,6,1254,286,14,30
A005316,28,5,392,90,12,32
A005316,28,4,125,32,10,34
A005316,28,3,40,10,8,35
A005316,28,2,12,4,6,37
A005316,28,1,3,1,4,38
A005316,29,29,0,1,4,1
A005316,29,28,3,3,6,1
A005316,29,27,7,6,8,2
A005316,29,26,20,15,10,3
A005316,29,25,42,29,12,4
A005316,29,24,100,67,14,5
A005316,29,23,207,134,16,6
A005316,29,22,468,299,18,8
A005316,29,21,974,614,20,9
A005316,29,20,2156,1348,22,10
A005316,29,19,4522,2813,24,12
A005316,29,18,9903,6125,26,13
A005316,29,17,20903,12905,28,15
A005316,29,16,45494,27970,30,16
A005316,29,15,96475,59282,32,18
A005316,29,14,183418,102390,30,19
A005316,29,13,282471,145814,28,21
A005316,29,12,344639,155152,26,23
A005316,29,11,286404,98483,24,24
A005316,29,10,143477,33536,22,26
A005316,29,9,46181,9823,20,27
A005316,29,8,13623,2950,18,29
A005316,29,7,4087,895,16,30
A005316,29,6,1254,286,14,32
A005316,29,5,392,90,12,34
A005316,29,4,125,32,10,36
A005316,29,3,40,10,8,37
A005316,29,2,12,4,6,39
A005316,29,1,3,1,4,40
A005316,30,30,0,1,5,1
A005316,30,29,2,2,7,1
A005316,30,28,6,6,9,1
A005316,30,27,16,11,11,2
A005316,30,26,37,27,13,3
A005316,30,25,81,52,15,5
A005316,30,24,180,119,17,6
A005316,30,23,382,239,19,7
A005316,30,22,836,531,21,9
A005316,30,21,1769,1094,23,10
A005316,30,20,3844,2397,25,11
A005316,30,19,8154,5012,27,13
A005316,30,18,17650,10902,29,14
A005316,30,17,37548,22997,31,16
A005316,30,16,81085,49815,33,18
A005316,30,15,166470,99224,32,19
A005316,30,14,295535,160441,30,21
A005316,30,13,422612,210102,28,22
A005316,30,12,462019,194029,26,24
A005316,30,11,333177,104027,24,26
A005316,30,10,148433,33536,22,27
A005316,30,9,46181,9823,20,29
A005316,30,8,13623,2950,18,30
A005316,30,7,4087,895,16,32
A005316,30,6,1254,286,14,34
A005316,30,5,392,90,12,35
A005316,30,4,125,32,10,37
A005316,30,3,40,10,8,39
A005316,30,2,12,4,6,40
A005316,30,1,3,1,4,41
A005316,31,31,0,1,4,1
A005316,31,30,3,3,6,1
A005316,31,29,7,6,8,2
A005316,31,28,20,15,10,3
A005316,31,27,42,29,12,4
A005316,31,26,100,67,14,5
A005316,31,25,207,134,16,6
A005316,31,24,468,299,18,8
A005316,31,23,974,614,20,9
A005316,31,22,2156,1348,22,10
A005316,31,21,4522,2813,24,12
A005316,31,20,9903,6125,26,13
A005316,31,19,20903,12905,28,15
A005316,31,18,45494,27970,30,16
A005316,31,17,96475,59282,32,18
A005316,31,16,209157,128129,34,19
A005316,31,15,396395,223991,32,21
A005316,31,14,637022,334361,30,23
A005316,31,13,825471,388695,28,24
A005316,31,12,771569,289697,26,26
A005316,31,11,445084,115907,24,27
A005316,31,10,159137,33536,22,29
A005316,31,9,46181,9823,20,30
A005316,31,8,13623,2950,18,32
A005316,31,7,4087,895,16,34
A005316,31,6,1254,286,14,36
A005316,31,5,392,90,12,37
A005316,31,4,125,32,10,39
A005316,31,3,40,10,8,40
A005316,31,2,12,4,6,42
A005316,31,1,3,1,4,43
A005316,32,32,0,1,5,1
A005316,32,31,2,2,7,1
A005316,32,30,6,6,9,1
A005316,32,29,16,11,11,2
A005316,32,28,37,27,13,3
A005316,32,27,81,52,15,5
A005316,32,26,180,119,17,6
A005316,32,25,382,239,19,7
A005316,32,24,836,531,21,9
A005316,32,23,1769,1094,23,10
A005316,32,22,3844,2397,25,11
A005316,32,21,8154,5012,27,13
A005316,32,20,17650,10902,29,14
A005316,32,19,37548,22997,31,16
A005316,32,18,81085,49815,33,18
A005316,32,17,172905,105659,35,19
A005316,32,16,359950,215418,34,21
A005316,32,15,647118,355948,32,22
A005316,32,14,970381,493479,30,24
A005316,32,13,1142431,507660,28,26
A005316,32,12,934520,320039,26,27
A005316,32,11,473494,115907,24,29
A005316,32,10,159137,33536,22,30
A005316,32,9,46181,9823,20,32
A005316,32,8,13623,2950,18,34
A005316,32,7,4087,895,16,35
A005316,32,6,1254,286,14,37
A005316,32,5,392,90,12,39
A005316,32,4,125,32,10,40
A005316,32,3,40,10,8,42
A005316,32,2,12,4,6,43
A005316,32,1,3,1,4,44
A005316,33,33,0,1,4,1
A005316,33,32,3,3,6,1
A005316,33,31,7,6,8,2
A005316,33,30,20,15,10,3
A005316,33,29,42,29,12,4
A005316,33,28,100,67,14,5
A005316,33,27,207,134,16,6
A005316,33,26,468,299,18,8
A005316,33,25,974,614,20,9
A005316,33,24,2156,1348,22,10
A005316,33,23,4522,2813,24,12
A005316,33,22,9903,6125,26,13
A005316,33,21,20903,12905,28,15
A005316,33,20,45494,27970,30,16
A005316,33,19,96475,59282,32,18
A005316,33,18,209157,128129,34,19
A005316,33,17,445014,272610,36,21
A005316,33,16,865071,490913,34,23
A005316,33,15,1420971,759360,32,24
A005316,33,14,1953451,950127,30,26
A005316,33,13,2008683,814956,28,27
A005316,33,12,1340353,388994,26,29
A005316,33,11,538045,115907,24,30
A005316,33,10,159137,33536,22,32
A005316,33,9,46181,9823,20,34
A005316,33,8,13623,2950,18,36
A005316,33,7,4087,895,16,37
A005316,33,6,1254,286,14,39
A005316,33,5,392,90,12,40
A005316,33,4,125,32,10,42
A005316,33,3,40,10,8,44
A005316,33,2,12,4,6,45
A005316,33,1,3,1,4,46
A005316,34,34,0,1,5,1
A005316,34,33,2,2,7,1
A005316,34,32,6,6,9,1
A005316,34,31,16,11,11,2
A005316,34,30,37,27,13,3
A005316,34,29,81,52,15,5
A005316,34,28,180,119,17,6
A005316,34,27,382,239,19,7
A005316,34,26,836,531,21,9
A005316,34,25,1769,1094,23,10
A005316,34,24,3844,2397,25,11
A005316,34,23,8154,5012,27,13
A005316,34,22,17650,10902,29,14
A005316,34,21,37548,22997,31,16
A005316,34,20,81085,49815,33,18
A005316,34,19,172905,105659,35,19
A005316,34,18,372820,228288,37,21
A005316,34,17,772103,461628,36,22
A005316,34,16,1419716,788178,34,24
A005316,34,15,2200428,1144435,32,26
A005316,34,14,2779663,1288018,30,27
A005316,34,13,2528086,944778,28,29
A005316,34,12,1475275,394538,26,30
A005316,34,11,543589,115907,24,32
A005316,34,10,159137,33536,22,34
A005316,34,9,46181,9823,20,35
A005316,34,8,13623,2950,18,37
A005316,34,7,4087,895,16,39
A005316,34,6,1254,286,14,40
A005316,34,5,392,90,12,42
A005316,34,4,125,32,10,43
A005316,34,3,40,10,8,45
A005316,34,2,12,4,6,47
A005316,34,1,3,1,4,48
A005316,35,35,0,1,4,1
A005316,35,34,3,3,6,1
A005316,35,33,7,6,8,2
A005316,35,32,20,15,10,3
A005316,35,31,42,29,12,4
A005316,35,30,100,67,14,5
A005316,35,29,207,134,16,6
A005316,35,28,468,299,18,8
A005316,35,27,974,614,20,9
A005316,35,26,2156,1348,22,10
A005316,35,25,4522,2813,24,12
A005316,35,24,9903,6125,26,13
A005316,35,23,20903,12905,28,15
A005316,35,22,45494,27970,30,16
A005316,35,21,96475,59282,32,18
A005316,35,20,209157,128129,34,19
A005316,35,19,445014,272610,36,21
A005316,35,18,962310,588152,38,23
A005316,35,17,1867575,1069831,36,24
A005316,35,16,3167211,1712791,34,26
A005316,35,15,4550074,2279273,32,27
A005316,35,14,5107533,2197935,30,29
A005316,35,13,3870863,1255396,28,30
A005316,35,12,1794752,406418,26,32
A005316,35,11,555469,115907,24,34
A005316,35,10,159137,33536,22,36
A005316,35,9,46181,9823,20,37
A005316,35,8,13623,2950,18,39
A005316,35,7,4087,895,16,40
A005316,35,6,1254,286,14,42
A005316,35,5,392,90,12,44
A005316,35,4,125,32,10,45
A005316,35,3,40,10,8,47
A005316,35,2,12,4,6,49
A005316,35,1,3,1,4,50
A005316,36,36,0,1,5,1
A005316,36,35,2,2,7,1
A005316,36,34,6,6,9,1
A005316,36,33,16,11,11,2
A005316,36,32,37,27,13,3
A005316,36,31,81,52,15,5
A005316,36,30,180,119,17,6
A005316,36,29,382,239,19,7
A005316,36,28,836,531,21,9
A005316,36,27,1769,1094,23,10
A005316,36,26,3844,2397,25,11
A005316,36,25,8154,5012,27,13
A005316,36,24,17650,10902,29,14
A005316,36,23,37548,22997,31,16
A005316,36,22,81085,49815,33,18
A005316,36,21,172905,105659,35,19
A005316,36,20,372820,228288,37,21
A005316,36,19,796413,485938,39,22
A005316,36,18,1666843,999555,38,24
A005316,36,17,3095876,1735998,36,26
A005316,36,16,4970764,2626205,34,27
A005316,36,15,6633729,3191110,32,29
A005316,36,14,6663680,2668603,30,30
A005316,36,13,4418190,1312024,28,32
A005316,36,12,1845836,406418,26,34
A005316,36,11,555469,115907,24,35
A005316,36,10,159137,33536,22,37
A005316,36,9,46181,9823,20,39
A005316,36,8,13623,2950,18,40
A005316,36,7,4087,895,16,42
A005316,36,6,1254,286,14,43
A005316,36,5,392,90,12,45
A005316,36,4,125,32,10,47
A005316,36,3,40,10,8,49
A005316,36,2,12,4,6,50
A005316,36,1,3,1,4,51
A005316,37,37,0,1,4,1
A005316,37,36,3,3,6,1
A005316,37,35,7,6,8,2
A005316,37,34,20,15,10,3
A005316,37,33,42,29,12,4
A005316,37,32,100,67,14,5
A005316,37,31,207,134,16,6
A005316,37,30,468,299,18,8
A005316,37,29,974,614,20,9
A005316,37,28,2156,1348,22,10
A005316,37,27,4522,2813,24,12
A005316,37,26,9903,6125,26,13
A005316,37,25,20903,12905,28,15
A005316,37,24,45494,27970,30,16
A005316,37,23,96475,59282,32,18
A005316,37,22,209157,128129,34,19
A005316,37,21,445014,272610,36,21
A005316,37,20,962310,588152,38,23
A005316,37,19,2052330,1254586,40,24
A005316,37,18,4060680,2333991,38,26
A005316,37,17,7005499,3838717,36,27
A005316,37,16,10508770,5379435,34,29
A005316,37,15,12665465,5733997,32,30
A005316,37,14,10821953,3847990,30,32
A005316,37,13,5763380,1439437,28,34
A005316,37,12,1961369,406418,26,36
A005316,37,11,555469,115907,24,37
A005316,37,10,159137,33536,22,39
A005316,37,9,46181,9823,20,40
A005316,37,8,13623,2950,18,42
A005316,37,7,4087,895,16,44
A005316,37,6,1254,286,14,45
A005316,37,5,392,90,12,47
A005316,37,4,125,32,10,49
A005316,37,3,40,10,8,50
A005316,37,2,12,4,6,52
A005316,37,1,3,1,4,53
A005316,38,38,0,1,5,1
A005316,38,37,2,2,7,1
A005316,38,36,6,6,9,1
A005316,38,35,16,11,11,2
A005316,38,34,37,27,13,3
A005316,38,33,81,52,15,5
A005316,38,32,180,119,17,6
A005316,38,31,382,239,19,7
A005316,38,30,836,531,21,9
A005316,38,29,1769,1094,23,10
A005316,38,28,3844,2397,25,11
A005316,38,27,8154,5012,27,13
A005316,38,26,17650,10902,29,14
A005316,38,25,37548,22997,31,16
A005316,38,24,81085,49815,33,18
A005316,38,23,172905,105659,35,19
A005316,38,22,372820,228288,37,21
A005316,38,21,796413,485938,39,22
A005316,38,20,1715463,1048175,41,24
A005316,38,19,3576992,2144184,40,26
A005316,38,18,6760789,3817705,38,27
A005316,38,17,11131563,5976036,36,29
A005316,38,16,15644708,7739861,34,30
A005316,38,15,17071836,7267529,32,32
A005316,38,14,12828903,4180729,30,34
A005316,38,13,6074933,1439437,28,35
A005316,38,12,1961369,406418,26,37
A005316,38,11,555469,115907,24,39
A005316,38,10,159137,33536,22,40
A005316,38,9,46181,9823,20,42
A005316,38,8,13623,2950,18,43
A005316,38,7,4087,895,16,45
A005316,38,6,1254,286,14,47
A005316,38,5,392,90,12,49
A005316,38,4,125,32,10,50
A005316,38,3,40,10,8,52
A005316,38,2,12,4,6,54
A005316,38,1,3,1,4,54
A005316,39,39,0,1,4,1
A005316,39,38,3,3,6,1
A005316,39,37,7,6,8,2
A005316,39,36,20,15,10,3
A005316,39,35,42,29,12,4
A005316,39,34,100,67,14,5
A005316,39,33,207,134,16,6
A005316,39,32,468,299,18,8
A005316,39,31,974,614,20,9
A005316,39,30,2156,1348,22,10
A005316,39,29,4522,2813,24,12
A005316,39,28,9903,6125,26,13
A005316,39,27,20903,12905,28,15
A005316,39,26,45494,27970,30,16
A005316,39,25,96475,59282,32,18
A005316,39,24,209157,128129,34,19
A005316,39,23,445014,272610,36,21
A005316,39,22,962310,588152,38,23
A005316,39,21,2052330,1254586,40,24
A005316,39,20,4430191,2703502,42,26
A005316,39,19,8759139,5071684,40,27
A005316,39,18,15486485,8561584,38,29
A005316,39,17,24006862,12539913,36,30
A005316,39,16,30858030,14523042,34,32
A005316,39,15,29210465,11268890,32,34
A005316,39,14,17926722,4963247,30,36
A005316,39,13,6807852,1439437,28,37
A005316,39,12,1961369,406418,26,39
A005316,39,11,555469,115907,24,40
A005316,39,10,159137,33536,22,42
A005316,39,9,46181,9823,20,44
A005316,39,8,13623,2950,18,45
A005316,39,7,4087,895,16,47
A005316,39,6,1254,286,14,49
A005316,39,5,392,90,12,50
A005316,39,4,125,32,10,52
A005316,39,3,40,10,8,54
A005316,39,2,12,4,6,56
A005316,39,1,3,1,4,56
A005316,40,40,0,1,5,1
A005316,40,39,2,2,7,1
A005316,40,38,6,6,9,1
A005316,40,37,16,11,11,2
A005316,40,36,37,27,13,3
A005316,40,35,81,52,15,5
A005316,40,34,180,119,17,6
A005316,40,33,382,239,19,7
A005316,40,32,836,531,21,9
A005316,40,31,1769,1094,23,10
A005316,40,30,3844,2397,25,11
A005316,40,29,8154,5012,27,13
A005316,40,28,17650,10902,29,14
A005316,40,27,37548,22997,31,16
A005316,40,26,81085,49815,33,18
A005316,40,25,172905,105659,35,19
A005316,40,24,372820,228288,37,21
A005316,40,23,796413,485938,39,22
A005316,40,22,1715463,1048175,41,24
A005316,40,21,3669370,2236562,43,26
A005316,40,20,7713316,4634096,42,27
A005316,40,19,14698138,8364514,40,29
A005316,40,18,24860637,13499590,38,30
A005316,40,17,36397455,18469905,36,32
A005316,40,16,42829652,19126073,34,34
A005316,40,15,35925397,12786835,32,35
A005316,40,14,19484729,5019875,30,37
A005316,40,13,6864480,1439437,28,39
A005316,40,12,1961369,406418,26,40
A005316,40,11,555469,115907,24,42
A005316,40,10,159137,33536,22,43
A005316,40,9,46181,9823,20,45
A005316,40,8,13623,2950,18,47
A005316,40,7,4087,895,16,49
A005316,40,6,1254,286,14,50
A005316,40,5,392,90,12,52
A005316,40,4,125,32,10,54
A005316,40,3,40,10,8,56
A005316,40,2,12,4,6,57
A005316,40,1,3,1,4,58
A005316,41,41,0,1,4,1
A005316,41,40,3,3,6,1
A005316,41,39,7,6,8,2
A005316,41,38,20,15,10,3
A005316,41,37,42,29,12,4
A005316,41,36,100,67,14,5
A005316,41,35,207,134,16,6
A005316,41,34,468,299,18,8
A005316,41,33,974,614,20,9
A005316,41,32,2156,1348,22,10
A005316,41,31,4522,2813,24,12
A005316,41,30,9903,6125,26,13
A005316,41,29,20903,12905,28,15
A005316,41,28,45494,27970,30,16
A005316,41,27,96475,59282,32,18
A005316,41,26,209157,128129,34,19
A005316,41,25,445014,272610,36,21
A005316,41,24,962310,588152,38,23
A005316,41,23,2052330,1254586,40,24
A005316,41,22,4430191,2703502,42,26
A005316,41,21,9464570,5777115,44,27
A005316,41,20,18994094,11027844,42,29
A005316,41,19,34045550,19010496,40,30
A005316,41,18,54515804,28911540,38,32
A005316,41,17,73853223,35946838,36,34
A005316,41,16,76708059,31576611,34,36
A005316,41,15,53520920,16503834,32,37
A005316,41,14,23273349,5147288,30,39
A005316,41,13,6991893,1439437,28,40
A005316,41,12,1961369,406418,26,42
A005316,41,11,555469,115907,24,44
A005316,41,10,159137,33536,22,45
A005316,41,9,46181,9823,20,47
A005316,41,8,13623,2950,18,49
A005316,41,7,4087,895,16,50
A005316,41,6,1254,286,14,52
A005316,41,5,392,90,12,54
A005316,41,4,125,32,10,56
A005316,41,3,40,10,8,57
A005316,41,2,12,4,6,59
A005316,41,1,3,1,4,60
A005316,42,42,0,1,5,1
A005316,42,41,2,2,7,1
A005316,42,40,6,6,9,1
A005316,42,39,16,11,11,2
A005316,42,38,37,27,13,3
A005316,42,37,81,52,15,5
A005316,42,36,180,119,17,6
A005316,42,35,382,239,19,7
A005316,42,34,836,531,21,9
A005316,42,33,1769,1094,23,10
A005316,42,32,3844,2397,25,11
A005316,42,31,8154,5012,27,13
A005316,42,30,17650,10902,29,14
A005316,42,29,37548,22997,31,16
A005316,42,28,81085,49815,33,18
A005316,42,27,172905,105659,35,19
A005316,42,26,372820,228288,37,21
A005316,42,25,796413,485938,39,22
A005316,42,24,1715463,1048175,41,24
A005316,42,23,3669370,2236562,43,26
A005316,42,22,7898072,4818852,45,27
A005316,42,21,16557686,9946928,44,29
A005316,42,20,31988766,18303631,42,30
A005316,42,19,55177416,30318948,40,32
A005316,42,18,83959724,43438537,38,34
A005316,42,17,105195927,48972747,36,35
A005316,42,16,97727456,37414872,34,37
A005316,42,15,60149113,17117304,32,39
A005316,42,14,23830191,5147288,30,40
A005316,42,13,6991893,1439437,28,42
A005316,42,12,1961369,406418,26,43
A005316,42,11,555469,115907,24,45
A005316,42,10,159137,33536,22,47
A005316,42,9,46181,9823,20,49
A005316,42,8,13623,2950,18,50
A005316,42,7,4087,895,16,52
A005316,42,6,1254,286,14,54
A005316,42,5,392,90,12,56
A005316,42,4,125,32,10,57
A005316,42,3,40,10,8,59
A005316,42,2,12,4,6,60
A005316,42,1,3,1,4,61
A005316,43,43,0,1,4,1
A005316,43,42,3,3,6,1
A005316,43,41,7,6,8,2
A005316,43,40,20,15,10,3
A005316,43,39,42,29,12,4
A005316,43,38,100,67,14,5
A005316,43,37,207,134,16,6
A005316,43,36,468,299,18,8
A005316,43,35,974,614,20,9
A005316,43,34,2156,1348,22,10
A005316,43,33,4522,2813,24,12
A005316,43,32,9903,6125,26,13
A005316,43,31,20903,12905,28,15
A005316,43,30,45494,27970,30,16
A005316,43,29,96475,59282,32,18
A005316,43,28,209157,128129,34,19
A005316,43,27,445014,272610,36,21
A005316,43,26,962310,588152,38,23
A005316,43,25,2052330,1254586,40,24
A005316,43,24,4430191,2703502,42,26
A005316,43,23,9464570,5777115,44,27
A005316,43,22,20404957,12438707,46,29
A005316,43,21,40943562,23909787,44,30
A005316,43,20,74812320,42061178,42,32
A005316,43,19,122844418,66098337,40,34
A005316,43,18,174518576,87192965,38,36
A005316,43,17,196080750,85328470,36,37
A005316,43,16,154386778,52258636,34,39
A005316,43,15,76768508,18548734,32,40
A005316,43,14,25134208,5147288,30,42
A005316,43,13,6991893,1439437,28,44
A005316,43,12,1961369,406418,26,45
A005316,43,11,555469,115907,24,47
A005316,43,10,159137,33536,22,49
A005316,43,9,46181,9823,20,50
A005316,43,8,13623,2950,18,52
A005316,43,7,4087,895,16,54
A005316,43,6,1254,286,14,56
A005316,43,5,392,90,12,57
A005316,43,4,125,32,10,59
A005316,43,3,40,10,8,61
A005316,43,2,12,4,6,62
A005316,43,1,3,1,4,63
A005316,44,44,0,1,5,1
A005316,44,43,2,2,7,1
A005316,44,42,6,6,9,1
A005316,44,41,16,11,11,2
A005316,44,40,37,27,13,3
A005316,44,39,81,52,15,5
A005316,44,38,180,119,17,6
A005316,44,37,382,239,19,7
A005316,44,36,836,531,21,9
A005316,44,35,1769,1094,23,10
A005316,44,34,3844,2397,25,11
A005316,44,33,8154,5012,27,13
A005316,44,32,17650,10902,29,14
A005316,44,31,37548,22997,31,16
A005316,44,30,81085,49815,33,18
A005316,44,29,172905,105659,35,19
A005316,44,28,372820,228288,37,21
A005316,44,27,796413,485938,39,22
A005316,44,26,1715463,1048175,41,24
A005316,44,25,3669370,2236562,43,26
A005316,44,24,7898072,4818852,45,27
A005316,44,23,16910402,10299644,47,29
A005316,44,22,35674291,21468480,46,30
A005316,44,21,69384848,39945329,44,32
A005316,44,20,122221119,67738373,42,34
A005316,44,19,191816100,101027318,40,35
A005316,44,18,254319951,122342694,38,37
A005316,44,17,258090741,105386326,36,39
A005316,44,16,179755225,56066869,34,40
A005316,44,15,80336072,18548734,32,42
A005316,44,14,25134208,5147288,30,43
A005316,44,13,6991893,1439437,28,45
A005316,44,12,1961369,406418,26,47
A005316,44,11,555469,115907,24,49
A005316,44,10,159137,33536,22,50
A005316,44,9,46181,9823,20,52
A005316,44,8,13623,2950,18,54
A005316,44,7,4087,895,16,56
A005316,44,6,1254,286,14,57
A005316,44,5,392,90,12,59
A005316,44,4,125,32,10,60
A005316,44,3,40,10,8,62
A005316,44,2,12,4,6,64
A005316,44,1,3,1,4,64
A005316,45,45,0,1,4,1
A005316,45,44,3,3,6,1
A005316,45,43,7,6,8,2
A005316,45,42,20,15,10,3
A005316,45,41,42,29,12,4
A005316,45,40,100,67,14,5
A005316,45,39,207,134,16,6
A005316,45,38,468,299,18,8
A005316,45,37,974,614,20,9
A005316,45,36,2156,1348,22,10
A005316,45,35,4522,2813,24,12
A005316,45,34,9903,6125,26,13
A005316,45,33,20903,12905,28,15
A005316,45,32,45494,27970,30,16
A005316,45,31,96475,59282,32,18
A005316,45,30,209157,128129,34,19
A005316,45,29,445014,272610,36,21
A005316,45,28,962310,588152,38,23
A005316,45,27,2052330,1254586,40,24
A005316,45,26,4430191,2703502,42,26
A005316,45,25,9464570,5777115,44,27
A005316,45,24,20404957,12438707,46,29
A005316,45,23,43647717,26613942,48,30
A005316,45,22,88608749,51860162,46,32
A005316,45,21,163720027,92763117,44,34
A005316,45,20,275625607,149960609,42,36
A005316,45,19,407215789,208183230,40,37
A005316,45,18,490719552,223196394,38,39
A005316,45,17,429731962,158152598,36,40
A005316,45,16,245151465,65264200,34,42
A005316,45,15,88956112,18548734,32,44
A005316,45,14,25134208,5147288,30,45
A005316,45,13,6991893,1439437,28,47
A005316,45,12,1961369,406418,26,49
A005316,45,11,555469,115907,24,50
A005316,45,10,159137,33536,22,52
A005316,45,9,46181,9823,20,54
A005316,45,8,13623,2950,18,56
A005316,45,7,4087,895,16,57
A005316,45,6,1254,286,14,59
A005316,45,5,392,90,12,61
A005316,45,4,125,32,10,62
A005316,45,3,40,10,8,64
A005316,45,2,12,4,6,66
A005316,45,1,3,1,4,67
A005316,46,46,0,1,5,1
A005316,46,45,2,2,7,1
A005316,46,44,6,6,9,1
A005316,46,43,16,11,11,2
A005316,46,42,37,27,13,3
A005316,46,41,81,52,15,5
A005316,46,40,180,119,17,6
A005316,46,39,382,239,19,7
A005316,46,38,836,531,21,9
A005316,46,37,1769,1094,23,10
A005316,46,36,3844,2397,25,11
A005316,46,35,8154,5012,27,13
A005316,46,34,17650,10902,29,14
A005316,46,33,37548,22997,31,16
A005316,46,32,81085,49815,33,18
A005316,46,31,172905,105659,35,19
A005316,46,30,372820,228288,37,21
A005316,46,29,796413,485938,39,22
A005316,46,28,1715463,1048175,41,24
A005316,46,27,3669370,2236562,43,26
A005316,46,26,7898072,4818852,45,27
A005316,46,25,16910402,10299644,47,29
A005316,46,24,36379723,22173912,49,30
A005316,46,23,76596358,46098691,48,32
A005316,46,22,150619536,87087336,46,34
A005316,46,21,269489252,150715842,44,35
A005316,46,20,435541584,232599787,42,37
A005316,46,19,605408207,299691168,40,39
A005316,46,18,665523011,286370089,38,40
A005316,46,17,518168154,176441440,36,42
A005316,46,16,263762772,65877670,34,43
A005316,46,15,89569582,18548734,32,45
A005316,46,14,25134208,5147288,30,47
A005316,46,13,6991893,1439437,28,49
A005316,46,12,1961369,406418,26,50
A005316,46,11,555469,115907,24,52
A005316,46,10,159137,33536,22,54
A005316,46,9,46181,9823,20,56
A005316,46,8,13623,2950,18,57
A005316,46,7,4087,895,16,59
A005316,46,6,1254,286,14,60
A005316,46,5,392,90,12,62
A005316,46,4,125,32,10,64
A005316,46,3,40,10,8,66
A005316,46,2,12,4,6,67
A005316,46,1,3,1,4,68
A005316,47,47,0,1,4,1
A005316,47,46,3,3,6,1
A005316,47,45,7,6,8,2
A005316,47,44,20,15,10,3
A005316,47,43,42,29,12,4
A005316,47,42,100,67,14,5
A005316,47,41,207,134,16,6
A005316,47,40,468,299,18,8
A005316,47,39,974,614,20,9
A005316,47,38,2156,1348,22,10
A005316,47,37,4522,2813,24,12
A005316,47,36,9903,6125,26,13
A005316,47,35,20903,12905,28,15
A005316,47,34,45494,27970,30,16
A005316,47,33,96475,59282,32,18
A005316,47,32,209157,128129,34,19
A005316,47,31,445014,272610,36,21
A005316,47,30,962310,588152,38,23
A005316,47,29,2052330,1254586,40,24
A005316,47,28,4430191,2703502,42,26
A005316,47,27,9464570,5777115,44,27
A005316,47,26,20404957,12438707,46,29
A005316,47,25,43647717,26613942,48,30
A005316,47,24,94017060,57268473,50,32
A005316,47,23,190897307,112243956,48,34
A005316,47,22,358153498,204032082,46,36
A005316,47,21,614965718,338213426,44,37
